date_id,window_start,r2,epoch,mode
1079,1060,0.02215954858783664,3,offline
1080,1061,0.023941271509893225,3,offline
1081,1062,0.018971251276072243,3,offline
1082,1063,0.019644824299785202,3,offline
1083,1064,0.01936392779658258,3,offline
1084,1065,0.020101217106609393,3,offline
1085,1066,0.020920539800432292,3,offline
1086,1067,0.021119366625660496,3,offline
1087,1068,0.020812253541102055,3,offline
1088,1069,0.020923411909876566,3,offline
1089,1070,0.02075316023338203,3,offline
1090,1071,0.021115140551110967,3,offline
1091,1072,0.022250122282546303,3,offline
1092,1073,0.02192058824131038,3,offline
1093,1074,0.021434537011258192,3,offline
1094,1075,0.02101140401397472,3,offline
1095,1076,0.021092294406410472,3,offline
1096,1077,0.021367650901560564,3,offline
1097,1078,0.02209169217345519,3,offline
1098,1079,0.02262168645782392,3,offline
1099,1080,0.02263882818302987,3,offline
1100,1081,0.02122253399894314,3,offline
1101,1082,0.020821025719237607,3,offline
1102,1083,0.019369648027489084,3,offline
1103,1084,0.020484108677910506,3,offline
1104,1085,0.022418116881573358,3,offline
1105,1086,0.022582402997414652,3,offline
1106,1087,0.022128089899364323,3,offline
1107,1088,0.02193891312710139,3,offline
1108,1089,0.02103155108027266,3,offline
1109,1090,0.02071504597939411,3,offline
1110,1091,0.020735595851604893,3,offline
1111,1092,0.02018499120748174,3,offline
1112,1093,0.020549952245482173,3,offline
1113,1094,0.021307746206776668,3,offline
1114,1095,0.020496709522705214,3,offline
1115,1096,0.01987891626832039,3,offline
1116,1097,0.01995124169819551,3,offline
1117,1098,0.019144771758381696,3,offline
1118,1099,0.018729337881685848,3,offline
1119,1100,0.01849627004346055,3,offline
1120,1101,0.017868258275063775,3,offline
1121,1102,0.01812690294630659,3,offline
1122,1103,0.01915425936748938,3,offline
1123,1104,0.01875394383230533,3,offline
1124,1105,0.01699805968877577,3,offline
1125,1106,0.01654335239494953,3,offline
1126,1107,0.01628530881609913,3,offline
1127,1108,0.01631888569075468,3,offline
1128,1109,0.016420072392519858,3,offline
1129,1110,0.016794419182670883,3,offline
1130,1111,0.015815539577862303,3,offline
1131,1112,0.016329327177153186,3,offline
1132,1113,0.01591473912224517,3,offline
1133,1114,0.014982132233756995,3,offline
1134,1115,0.016143452432509253,3,offline
1135,1116,0.016643982447716477,3,offline
1136,1117,0.015895675873769943,3,offline
1137,1118,0.015543360010940366,3,offline
1138,1119,0.015899854557902215,3,offline
1139,1120,0.016900743893039305,3,offline
1140,1121,0.017285768943840818,3,offline
1141,1122,0.017143891977054126,3,offline
1142,1123,0.017174097657033705,3,offline
1143,1124,0.0164773259323161,3,offline
1144,1125,0.0163343474042007,3,offline
1145,1126,0.01615963880653759,3,offline
1146,1127,0.016554306904121185,3,offline
1147,1128,0.01789086859433542,3,offline
1148,1129,0.019316539325039628,3,offline
1149,1130,0.01915992653735099,3,offline
1150,1131,0.020673190982965495,3,offline
1151,1132,0.0208226875334816,3,offline
1152,1133,0.021284389075424515,3,offline
1153,1134,0.021750670959448715,3,offline
1154,1135,0.02141546400898453,3,offline
1155,1136,0.0209315676352696,3,offline
1156,1137,0.021633758087821087,3,offline
1157,1138,0.023066543071336154,3,offline
1158,1139,0.0223142013599249,3,offline
1159,1140,0.02023406644722492,3,offline
1160,1141,0.021052665792398728,3,offline
1161,1142,0.021021924473039078,3,offline
1162,1143,0.020533190724298933,3,offline
1163,1144,0.02098502960941906,3,offline
1164,1145,0.02050201664339113,3,offline
1165,1146,0.020411758115136514,3,offline
1166,1147,0.02001906345894977,3,offline
1167,1148,0.018997845696714366,3,offline
1168,1149,0.01813295682153071,3,offline
1169,1150,0.01810023956641571,3,offline
1170,1151,0.017101287580671642,3,offline
1171,1152,0.016845987284229702,3,offline
1172,1153,0.015978453131118342,3,offline
1173,1154,0.016536619862595137,3,offline
1174,1155,0.016084841318718124,3,offline
1175,1156,0.016615023722751587,3,offline
1176,1157,0.01620359965781626,3,offline
1177,1158,0.014739462044310092,3,offline
1178,1159,0.015167775271497264,3,offline
1179,1160,0.014853382383620994,3,offline
1180,1161,0.01420191783214253,3,offline
1181,1162,0.014546918253065533,3,offline
1182,1163,0.014478572675343804,3,offline
1183,1164,0.014069289731440393,3,offline
1184,1165,0.014030733283352359,3,offline
1185,1166,0.014845632802997777,3,offline
1186,1167,0.019488721763856742,3,offline
1187,1168,0.018975252314001212,3,offline
1188,1169,0.0188110697588455,3,offline
1189,1170,0.018471159471462828,3,offline
1190,1171,0.018410759516631958,3,offline
1191,1172,0.018287699581655437,3,offline
1192,1173,0.018991867911624216,3,offline
1193,1174,0.01817252999229657,3,offline
1194,1175,0.017169659350139033,3,offline
1195,1176,0.01688055333992944,3,offline
1196,1177,0.01659362010650378,3,offline
1197,1178,0.017667020517426413,3,offline
1198,1179,0.017667268633766553,3,offline
1199,1180,0.018410703320151933,3,offline
1200,1181,0.01967087356500541,3,offline
1201,1182,0.01881858742487219,3,offline
1202,1183,0.018542080986900245,3,offline
1203,1184,0.01989894270255843,3,offline
1204,1185,0.019910777310860217,3,offline
1205,1186,0.019171939420326023,3,offline
1206,1187,0.01569887968386907,3,offline
1207,1188,0.01585990902776102,3,offline
1208,1189,0.015788733554024437,3,offline
1209,1190,0.01603600692792606,3,offline
1210,1191,0.016047168103748732,3,offline
1211,1192,0.016087098998811333,3,offline
1212,1193,0.015554336390801948,3,offline
1213,1194,0.01671280130952868,3,offline
1214,1195,0.01710282888115844,3,offline
1215,1196,0.01748707623945156,3,offline
1216,1197,0.018349119571619665,3,offline
1217,1198,0.017150910335678504,3,offline
1218,1199,0.019482441213722557,3,offline
1219,1200,0.01975448131646884,3,offline
1220,1201,0.017884321254050706,3,offline
1221,1202,0.019307783370788534,3,offline
1222,1203,0.020067052422769183,3,offline
1223,1204,0.018870319665791002,3,offline
1224,1205,0.01949796632423373,3,offline
1225,1206,0.019959905465065764,3,offline
1226,1207,0.020896508088057653,3,offline
1227,1208,0.021202073825227763,3,offline
1228,1209,0.02226063828784386,3,offline
1229,1210,0.02319627315308781,3,offline
1230,1211,0.02375697961788903,3,offline
1231,1212,0.0245587366250003,3,offline
1232,1213,0.025833687258210558,3,offline
1233,1214,0.02473305078908561,3,offline
1234,1215,0.026775481215773556,3,offline
1235,1216,0.0270100364466207,3,offline
1236,1217,0.027174623934188347,3,offline
1237,1218,0.03005138722496603,3,offline
1238,1219,0.024379905165001436,3,offline
1239,1220,0.025285112374269447,3,offline
1240,1221,0.027025016656553658,3,offline
1241,1222,0.02585573314252909,3,offline
1242,1223,0.02540399235353552,3,offline
1243,1224,0.02513759902239754,3,offline
1244,1225,0.024877297185622038,3,offline
1245,1226,0.026015819155401188,3,offline
1246,1227,0.019960710636860002,3,offline
1247,1228,0.019258571541646008,3,offline
1248,1229,0.017510843823967615,3,offline
1249,1230,0.01666800867917151,3,offline
1250,1231,0.01664365333385276,3,offline
1251,1232,0.01626252817597107,3,offline
1252,1233,0.016128823537360892,3,offline
1253,1234,0.016219491711722656,3,offline
1254,1235,0.01609996169068939,3,offline
1255,1236,0.016155750462023,3,offline
1256,1237,0.016048631394139812,3,offline
1257,1238,0.01511314241660855,3,offline
1258,1239,0.015755403510021138,3,offline
1259,1240,0.014558607984251015,3,offline
1260,1241,0.014494825154696911,3,offline
1261,1242,0.014769924329289252,3,offline
1262,1243,0.01538369066218348,3,offline
1263,1244,0.01632790601544798,3,offline
1264,1245,0.016392894790589696,3,offline
1265,1246,0.015911247855141863,3,offline
1266,1247,0.019142995262794282,3,offline
1267,1248,0.020012739306798255,3,offline
1268,1249,0.02070073413517448,3,offline
1269,1250,0.02064108319910285,3,offline
1270,1251,0.021230214721887575,3,offline
1271,1252,0.02046198743929739,3,offline
1272,1253,0.020538516075575552,3,offline
1273,1254,0.02084110591281807,3,offline
1274,1255,0.020081315633610597,3,offline
1275,1256,0.01957495985285196,3,offline
1276,1257,0.018990196819371974,3,offline
1277,1258,0.018668858569184765,3,offline
1278,1259,0.018665746746516887,3,offline
1279,1260,0.019063144158603773,3,offline
1280,1261,0.020090237995620708,3,offline
1281,1262,0.019794207660206897,3,offline
1282,1263,0.01917095734529728,3,offline
1283,1264,0.017755209301617003,3,offline
1284,1265,0.017263392598081184,3,offline
1285,1266,0.01742424947755672,3,offline
1286,1267,0.01752023854229401,3,offline
1287,1268,0.016680246803969956,3,offline
1288,1269,0.017279129343817812,3,offline
1289,1270,0.0172433723430101,3,offline
1290,1271,0.016765460781191233,3,offline
1291,1272,0.01735137114431451,3,offline
1292,1273,0.017288780641846357,3,offline
1293,1274,0.016645366519669746,3,offline
1294,1275,0.017364143278268518,3,offline
1295,1276,0.01680410391987175,3,offline
1296,1277,0.016682964187865523,3,offline
1297,1278,0.01680667198651653,3,offline
1298,1279,0.017110495264163417,3,offline
1299,1280,0.017274853893162967,3,offline
1300,1281,0.015246322236772025,3,offline
1301,1282,0.017632451196366472,3,offline
1302,1283,0.017533595515904277,3,offline
1303,1284,0.017990418334425606,3,offline
1304,1285,0.017818825808795014,3,offline
1305,1286,0.01751979372899437,3,offline
1306,1287,0.01695174752927142,3,offline
1307,1288,0.017300379735656346,3,offline
1308,1289,0.017021558119504565,3,offline
1309,1290,0.016574189577651777,3,offline
1310,1291,0.01595307876608365,3,offline
1311,1292,0.01591331279946928,3,offline
1312,1293,0.016213623417949408,3,offline
1313,1294,0.01606108144566465,3,offline
1314,1295,0.015674648593890006,3,offline
1315,1296,0.015335860145409663,3,offline
1316,1297,0.015073217940084316,3,offline
1317,1298,0.014927285666524681,3,offline
1318,1299,0.013691649502295289,3,offline
1319,1300,0.013167044709830877,3,offline
1320,1301,0.014035903542151562,3,offline
1321,1302,0.011558076094622005,3,offline
1322,1303,0.011462758719251287,3,offline
1323,1304,0.010215251032132944,3,offline
1324,1305,0.011062114888446661,3,offline
1325,1306,0.010869254450177834,3,offline
1326,1307,0.011730433534162477,3,offline
1327,1308,0.011646170144277712,3,offline
1328,1309,0.011398260161171736,3,offline
1329,1310,0.011527608320970884,3,offline
1330,1311,0.01217247211363448,3,offline
1331,1312,0.012900692306963668,3,offline
1332,1313,0.01245423747674057,3,offline
1333,1314,0.012572285325831656,3,offline
1334,1315,0.012398795639077864,3,offline
1335,1316,0.013196372587219063,3,offline
1336,1317,0.01383247007084809,3,offline
1337,1318,0.013894082266857177,3,offline
1338,1319,0.014482528044884924,3,offline
1339,1320,0.014412271010657562,3,offline
1340,1321,0.014509709711537089,3,offline
1341,1322,0.014711950545844732,3,offline
1342,1323,0.014402327124433123,3,offline
1343,1324,0.01523836782626975,3,offline
1344,1325,0.015373106739652531,3,offline
1345,1326,0.015690295838822088,3,offline
1346,1327,0.015401427561285819,3,offline
1347,1328,0.01517931972036779,3,offline
1348,1329,0.014929024911153,3,offline
1349,1330,0.015248512898414779,3,offline
1350,1331,0.015297346776934284,3,offline
1351,1332,0.014135608858199089,3,offline
1352,1333,0.01412201787500622,3,offline
1353,1334,0.014313916393018489,3,offline
1354,1335,0.014909558478197749,3,offline
1355,1336,0.015386130667464415,3,offline
1356,1337,0.01890043268911401,3,offline
1357,1338,0.019182253605510513,3,offline
1358,1339,0.019440789653360824,3,offline
1359,1340,0.019806395455845727,3,offline
1360,1341,0.020297648701930848,3,offline
1361,1342,0.020072276782405196,3,offline
1362,1343,0.0206577323165954,3,offline
1363,1344,0.020288330283585676,3,offline
1364,1345,0.01980627336351537,3,offline
1365,1346,0.01956527473260916,3,offline
1366,1347,0.020978962953324687,3,offline
1367,1348,0.021444925419850103,3,offline
1368,1349,0.021949710973095504,3,offline
1369,1350,0.021837790870140927,3,offline
1370,1351,0.0210761962826973,3,offline
1371,1352,0.020713566607033607,3,offline
1372,1353,0.020916073033321325,3,offline
1373,1354,0.02342514273256968,3,offline
1374,1355,0.022962586171770827,3,offline
1375,1356,0.022873153681654768,3,offline
1376,1357,0.019558762465331614,3,offline
1377,1358,0.02003467008239279,3,offline
1378,1359,0.019834741596174932,3,offline
1379,1360,0.020627374344042937,3,offline
1079,1060,0.024187697361598648,3,online
1080,1061,0.025186760099733307,3,online
1081,1062,0.020462672507270963,3,online
1082,1063,0.021383435026031128,3,online
1083,1064,0.02168800532825177,3,online
1084,1065,0.022633062079661093,3,online
1085,1066,0.02341233882933691,3,online
1086,1067,0.02407169322474756,3,online
1087,1068,0.023944803238420964,3,online
1088,1069,0.02449994834274216,3,online
1089,1070,0.024606606647043616,3,online
1090,1071,0.024834135251278866,3,online
1091,1072,0.02590835567686789,3,online
1092,1073,0.025742939795943776,3,online
1093,1074,0.02543450021217819,3,online
1094,1075,0.024690971563897546,3,online
1095,1076,0.024598002515598405,3,online
1096,1077,0.024082340917878087,3,online
1097,1078,0.0245303953059417,3,online
1098,1079,0.02586976240852068,3,online
1099,1080,0.0258652040688222,3,online
1100,1081,0.02542064704504643,3,online
1101,1082,0.02498118628961088,3,online
1102,1083,0.023593659394893773,3,online
1103,1084,0.024041433559609526,3,online
1104,1085,0.02557970546735855,3,online
1105,1086,0.0259681187155959,3,online
1106,1087,0.025023555865809843,3,online
1107,1088,0.024481089677915402,3,online
1108,1089,0.023433117369341505,3,online
1109,1090,0.022809545886347316,3,online
1110,1091,0.02296458694625092,3,online
1111,1092,0.022693313078152144,3,online
1112,1093,0.023427869873344997,3,online
1113,1094,0.024224381734082256,3,online
1114,1095,0.023379759254816834,3,online
1115,1096,0.02292463921981802,3,online
1116,1097,0.022993989574903617,3,online
1117,1098,0.022435436527874608,3,online
1118,1099,0.02168264543653775,3,online
1119,1100,0.021755853574517703,3,online
1120,1101,0.020903838146916764,3,online
1121,1102,0.02105799800842889,3,online
1122,1103,0.021642910703332352,3,online
1123,1104,0.021723168715135133,3,online
1124,1105,0.020724280416748453,3,online
1125,1106,0.020252971314118184,3,online
1126,1107,0.019732572369250856,3,online
1127,1108,0.020359283138557394,3,online
1128,1109,0.020633337431646748,3,online
1129,1110,0.021555294737306108,3,online
1130,1111,0.02101419562444773,3,online
1131,1112,0.022030700604275033,3,online
1132,1113,0.02210635431014074,3,online
1133,1114,0.02197339123426434,3,online
1134,1115,0.023085453936418143,3,online
1135,1116,0.02292453638020453,3,online
1136,1117,0.022439260487305157,3,online
1137,1118,0.022074124865617217,3,online
1138,1119,0.02243176963035043,3,online
1139,1120,0.023732138648111967,3,online
1140,1121,0.02469634614213656,3,online
1141,1122,0.025351942565761343,3,online
1142,1123,0.02602229946292245,3,online
1143,1124,0.026100526369067012,3,online
1144,1125,0.025923308070534556,3,online
1145,1126,0.025734608516729263,3,online
1146,1127,0.02712730986401679,3,online
1147,1128,0.028268850343787122,3,online
1148,1129,0.030024940659803212,3,online
1149,1130,0.02965171417376744,3,online
1150,1131,0.0313774056892846,3,online
1151,1132,0.030905086991736552,3,online
1152,1133,0.03082780847923583,3,online
1153,1134,0.030785494376956657,3,online
1154,1135,0.03100666473273439,3,online
1155,1136,0.031677606017248894,3,online
1156,1137,0.0327715732807895,3,online
1157,1138,0.03420509707245356,3,online
1158,1139,0.03351975292377096,3,online
1159,1140,0.03128496244124923,3,online
1160,1141,0.03238262686693294,3,online
1161,1142,0.03276250729888164,3,online
1162,1143,0.032284692716398,3,online
1163,1144,0.03189687443954581,3,online
1164,1145,0.03158239403864038,3,online
1165,1146,0.03158605743487408,3,online
1166,1147,0.030892491850466164,3,online
1167,1148,0.030082190703051626,3,online
1168,1149,0.029258533776794993,3,online
1169,1150,0.02927387288226746,3,online
1170,1151,0.02845039700708818,3,online
1171,1152,0.028719630102839955,3,online
1172,1153,0.027275824176634766,3,online
1173,1154,0.026903839401958507,3,online
1174,1155,0.02653479746773857,3,online
1175,1156,0.027155058493992024,3,online
1176,1157,0.026867540129933976,3,online
1177,1158,0.025573125535902297,3,online
1178,1159,0.02546762144520076,3,online
1179,1160,0.024135962126605737,3,online
1180,1161,0.02271461013011855,3,online
1181,1162,0.022208755208503184,3,online
1182,1163,0.02132196486372573,3,online
1183,1164,0.02028673716800178,3,online
1184,1165,0.019537684671924294,3,online
1185,1166,0.020420375602587915,3,online
1186,1167,0.023856386655667028,3,online
1187,1168,0.023604214957386183,3,online
1188,1169,0.022921289894525576,3,online
1189,1170,0.022700058176890026,3,online
1190,1171,0.022504733562355494,3,online
1191,1172,0.021872252672950676,3,online
1192,1173,0.02267450609519084,3,online
1193,1174,0.02239962932590933,3,online
1194,1175,0.020060729087480578,3,online
1195,1176,0.019010859200680907,3,online
1196,1177,0.018646030028286797,3,online
1197,1178,0.019108460261689664,3,online
1198,1179,0.019384517711915628,3,online
1199,1180,0.020170011270558064,3,online
1200,1181,0.021136190022453705,3,online
1201,1182,0.020186219363912628,3,online
1202,1183,0.0204951122930771,3,online
1203,1184,0.022397542670369308,3,online
1204,1185,0.022166121834431896,3,online
1205,1186,0.020948423633824986,3,online
1206,1187,0.01810686305300213,3,online
1207,1188,0.018015570583905127,3,online
1208,1189,0.017836840497867157,3,online
1209,1190,0.017658310505999864,3,online
1210,1191,0.01695394366907732,3,online
1211,1192,0.016984644973236485,3,online
1212,1193,0.01670787431090648,3,online
1213,1194,0.0176315819328694,3,online
1214,1195,0.018685098684204093,3,online
1215,1196,0.01925185911656846,3,online
1216,1197,0.019641904436490942,3,online
1217,1198,0.018748115721961223,3,online
1218,1199,0.02117747153059768,3,online
1219,1200,0.021485350247952506,3,online
1220,1201,0.01973689936637857,3,online
1221,1202,0.020878470233285706,3,online
1222,1203,0.02112724073261707,3,online
1223,1204,0.019515196581395555,3,online
1224,1205,0.020537129354243566,3,online
1225,1206,0.02118944821982227,3,online
1226,1207,0.022120940281642798,3,online
1227,1208,0.022147692598006308,3,online
1228,1209,0.023336945668110176,3,online
1229,1210,0.024574979704793276,3,online
1230,1211,0.025700372018015005,3,online
1231,1212,0.026232778432119463,3,online
1232,1213,0.027016395790550818,3,online
1233,1214,0.02572522777025399,3,online
1234,1215,0.027845095705337664,3,online
1235,1216,0.02815710969627505,3,online
1236,1217,0.02871815208530626,3,online
1237,1218,0.03188632509087985,3,online
1238,1219,0.024971129492123656,3,online
1239,1220,0.025438188095185943,3,online
1240,1221,0.027834897554116167,3,online
1241,1222,0.026798615026502937,3,online
1242,1223,0.027079197019613477,3,online
1243,1224,0.026780283443233133,3,online
1244,1225,0.02690805381153305,3,online
1245,1226,0.02871919893838304,3,online
1246,1227,0.019734630762798244,3,online
1247,1228,0.01850944080788086,3,online
1248,1229,0.01669294866392379,3,online
1249,1230,0.01593148108780751,3,online
1250,1231,0.01590371930274581,3,online
1251,1232,0.01602617989786459,3,online
1252,1233,0.016293204320029564,3,online
1253,1234,0.01681009291729796,3,online
1254,1235,0.016876639859296105,3,online
1255,1236,0.01711434716033211,3,online
1256,1237,0.016944112534329592,3,online
1257,1238,0.015794480667456923,3,online
1258,1239,0.017166403149012743,3,online
1259,1240,0.016416924754254048,3,online
1260,1241,0.016174218661672346,3,online
1261,1242,0.016385715486101127,3,online
1262,1243,0.016055627628352,3,online
1263,1244,0.017422077125959667,3,online
1264,1245,0.017494408460272726,3,online
1265,1246,0.016990670676968245,3,online
1266,1247,0.022978503858169463,3,online
1267,1248,0.024139648632379163,3,online
1268,1249,0.025544354227299948,3,online
1269,1250,0.025040735253967328,3,online
1270,1251,0.02580732058561308,3,online
1271,1252,0.025193894185016275,3,online
1272,1253,0.025138506075894962,3,online
1273,1254,0.025450028286948312,3,online
1274,1255,0.02477447506160002,3,online
1275,1256,0.02417678351324848,3,online
1276,1257,0.023792353543312106,3,online
1277,1258,0.02371881485880012,3,online
1278,1259,0.023366766878791134,3,online
1279,1260,0.023460218273893108,3,online
1280,1261,0.02422006125475673,3,online
1281,1262,0.024266443284752692,3,online
1282,1263,0.0243576711297252,3,online
1283,1264,0.02228905263297276,3,online
1284,1265,0.021817919967382693,3,online
1285,1266,0.021790110137820284,3,online
1286,1267,0.021658648740117692,3,online
1287,1268,0.020894070145487387,3,online
1288,1269,0.021368684664860416,3,online
1289,1270,0.02243398447612177,3,online
1290,1271,0.02200733377787778,3,online
1291,1272,0.02320774670622694,3,online
1292,1273,0.023708854659735934,3,online
1293,1274,0.023542485812909852,3,online
1294,1275,0.02241774957403131,3,online
1295,1276,0.022486076960725132,3,online
1296,1277,0.022675603979846692,3,online
1297,1278,0.02283251445108314,3,online
1298,1279,0.022816819656579113,3,online
1299,1280,0.023300649334698775,3,online
1300,1281,0.021749912344187994,3,online
1301,1282,0.023540439156384374,3,online
1302,1283,0.022941416771928402,3,online
1303,1284,0.023863801657497685,3,online
1304,1285,0.023123973558601962,3,online
1305,1286,0.023041779188364142,3,online
1306,1287,0.022411728693862765,3,online
1307,1288,0.02308053364691931,3,online
1308,1289,0.02267000598219171,3,online
1309,1290,0.02180354002136442,3,online
1310,1291,0.020470442043535875,3,online
1311,1292,0.020550618211277794,3,online
1312,1293,0.02077523161146122,3,online
1313,1294,0.0204282494619783,3,online
1314,1295,0.021898953599406856,3,online
1315,1296,0.021359928867460076,3,online
1316,1297,0.020836222269133176,3,online
1317,1298,0.019979983917275956,3,online
1318,1299,0.018980375508656167,3,online
1319,1300,0.01842462856052718,3,online
1320,1301,0.01893871216681009,3,online
1321,1302,0.01703464201980931,3,online
1322,1303,0.01775005439837729,3,online
1323,1304,0.015917686016223898,3,online
1324,1305,0.0173717890663031,3,online
1325,1306,0.016506079779934457,3,online
1326,1307,0.018091824530379164,3,online
1327,1308,0.017748270873641836,3,online
1328,1309,0.017971663822578754,3,online
1329,1310,0.01818230292183254,3,online
1330,1311,0.01906123144332106,3,online
1331,1312,0.018539553446882406,3,online
1332,1313,0.01746986300645692,3,online
1333,1314,0.01749725601063512,3,online
1334,1315,0.017092788675582393,3,online
1335,1316,0.01780022244904822,3,online
1336,1317,0.01840463458966768,3,online
1337,1318,0.01907201147561144,3,online
1338,1319,0.019883035027165485,3,online
1339,1320,0.01981922075613829,3,online
1340,1321,0.01993530699278101,3,online
1341,1322,0.019785195070314288,3,online
1342,1323,0.019215511552435616,3,online
1343,1324,0.020434482801118703,3,online
1344,1325,0.02031789513704496,3,online
1345,1326,0.02101773545979313,3,online
1346,1327,0.020004201535278487,3,online
1347,1328,0.020128649114518282,3,online
1348,1329,0.019646233947380853,3,online
1349,1330,0.019618865193040902,3,online
1350,1331,0.020481140178488566,3,online
1351,1332,0.019712824217653746,3,online
1352,1333,0.019950912325946923,3,online
1353,1334,0.020112692136759924,3,online
1354,1335,0.020399631641664695,3,online
1355,1336,0.02072234279633256,3,online
1356,1337,0.024562516282366054,3,online
1357,1338,0.024538900829408572,3,online
1358,1339,0.024770936844473845,3,online
1359,1340,0.025106678904085022,3,online
1360,1341,0.025375438274075846,3,online
1361,1342,0.025157702648991087,3,online
1362,1343,0.02570945261758739,3,online
1363,1344,0.0253887943905865,3,online
1364,1345,0.025193085005158933,3,online
1365,1346,0.025471032772821922,3,online
1366,1347,0.028247359633691183,3,online
1367,1348,0.028788796896635827,3,online
1368,1349,0.03013081667837192,3,online
1369,1350,0.030132239518419146,3,online
1370,1351,0.028131306841383874,3,online
1371,1352,0.027923680396652273,3,online
1372,1353,0.028209738419214925,3,online
1373,1354,0.030964786542351574,3,online
1374,1355,0.030355174711533928,3,online
1375,1356,0.029658375444834406,3,online
1376,1357,0.025573988194821484,3,online
1377,1358,0.025612988701900208,3,online
1378,1359,0.02525972457613379,3,online
1379,1360,0.02636319489168204,3,online
1079,1060,0.02281301084782983,4,offline
1080,1061,0.023311170822446825,4,offline
1081,1062,0.018543149286514904,4,offline
1082,1063,0.019462320341578576,4,offline
1083,1064,0.019114183626967263,4,offline
1084,1065,0.020112752490147212,4,offline
1085,1066,0.02074985458493983,4,offline
1086,1067,0.021386402739083765,4,offline
1087,1068,0.021227219803363395,4,offline
1088,1069,0.0214093063313322,4,offline
1089,1070,0.020926299450970576,4,offline
1090,1071,0.02136675385177156,4,offline
1091,1072,0.02222873343808829,4,offline
1092,1073,0.022000237594673733,4,offline
1093,1074,0.021186636235747236,4,offline
1094,1075,0.02078412200560431,4,offline
1095,1076,0.020806524107253366,4,offline
1096,1077,0.021227970105094474,4,offline
1097,1078,0.02170610508737647,4,offline
1098,1079,0.02183696605991614,4,offline
1099,1080,0.02154530323757431,4,offline
1100,1081,0.021264852805538914,4,offline
1101,1082,0.021068734930158706,4,offline
1102,1083,0.01955715469777719,4,offline
1103,1084,0.02088405036642149,4,offline
1104,1085,0.022296473391430816,4,offline
1105,1086,0.02220319487529887,4,offline
1106,1087,0.0210198147252465,4,offline
1107,1088,0.020826541277740196,4,offline
1108,1089,0.019687289572496658,4,offline
1109,1090,0.019523805245588388,4,offline
1110,1091,0.019723108176759152,4,offline
1111,1092,0.019211118709823727,4,offline
1112,1093,0.019775922219590125,4,offline
1113,1094,0.020515769516202154,4,offline
1114,1095,0.019927055201794386,4,offline
1115,1096,0.019476714231099423,4,offline
1116,1097,0.019638575045539897,4,offline
1117,1098,0.01908683710379544,4,offline
1118,1099,0.018870132939961204,4,offline
1119,1100,0.01890942725681022,4,offline
1120,1101,0.01812717485801818,4,offline
1121,1102,0.018188106331009868,4,offline
1122,1103,0.019326534234077597,4,offline
1123,1104,0.018654392758240657,4,offline
1124,1105,0.017501111467840946,4,offline
1125,1106,0.017262551635756185,4,offline
1126,1107,0.017503359001023733,4,offline
1127,1108,0.017520882337882182,4,offline
1128,1109,0.01758081007321488,4,offline
1129,1110,0.01772382928740035,4,offline
1130,1111,0.016612174183118444,4,offline
1131,1112,0.017268996708184603,4,offline
1132,1113,0.016721663387806784,4,offline
1133,1114,0.01568802406872294,4,offline
1134,1115,0.016648921672174355,4,offline
1135,1116,0.017014990819528175,4,offline
1136,1117,0.01598376153464054,4,offline
1137,1118,0.015844504141008686,4,offline
1138,1119,0.016268181350649225,4,offline
1139,1120,0.016986233584586063,4,offline
1140,1121,0.017606139582583835,4,offline
1141,1122,0.017471007273468286,4,offline
1142,1123,0.01719231312147962,4,offline
1143,1124,0.016663502226510696,4,offline
1144,1125,0.016451520551276078,4,offline
1145,1126,0.016346292473083612,4,offline
1146,1127,0.016703265166715497,4,offline
1147,1128,0.017722630532904682,4,offline
1148,1129,0.019219021612009834,4,offline
1149,1130,0.019673915652557605,4,offline
1150,1131,0.021296136433456958,4,offline
1151,1132,0.021480301795863355,4,offline
1152,1133,0.021800995472876394,4,offline
1153,1134,0.022330926700919407,4,offline
1154,1135,0.021883917027327726,4,offline
1155,1136,0.02169196511937954,4,offline
1156,1137,0.02248563089048583,4,offline
1157,1138,0.023503355413828975,4,offline
1158,1139,0.022648001179728428,4,offline
1159,1140,0.021369917465027366,4,offline
1160,1141,0.0219179227301185,4,offline
1161,1142,0.021850356447174923,4,offline
1162,1143,0.021376009624455405,4,offline
1163,1144,0.021717711231789782,4,offline
1164,1145,0.021066453279559694,4,offline
1165,1146,0.02099788125172175,4,offline
1166,1147,0.02073141701053316,4,offline
1167,1148,0.019864493610680545,4,offline
1168,1149,0.01931013727252584,4,offline
1169,1150,0.019044347249699056,4,offline
1170,1151,0.018068742654464454,4,offline
1171,1152,0.01771922396824499,4,offline
1172,1153,0.016938724630124136,4,offline
1173,1154,0.017526879978572607,4,offline
1174,1155,0.017170364068954447,4,offline
1175,1156,0.01783136945700925,4,offline
1176,1157,0.017419334077902526,4,offline
1177,1158,0.016044935515588277,4,offline
1178,1159,0.016194763395085965,4,offline
1179,1160,0.015469835388539854,4,offline
1180,1161,0.014821996370065205,4,offline
1181,1162,0.01533262462107432,4,offline
1182,1163,0.015185051558886276,4,offline
1183,1164,0.01484601633814664,4,offline
1184,1165,0.01483685623570341,4,offline
1185,1166,0.01563734443882192,4,offline
1186,1167,0.019625982233240302,4,offline
1187,1168,0.019156068581880792,4,offline
1188,1169,0.018923645211841866,4,offline
1189,1170,0.018499712328291174,4,offline
1190,1171,0.018520960598042313,4,offline
1191,1172,0.018410655795179642,4,offline
1192,1173,0.019039870017443783,4,offline
1193,1174,0.018242152561268044,4,offline
1194,1175,0.01743626369348461,4,offline
1195,1176,0.017024420060555157,4,offline
1196,1177,0.01678993991922284,4,offline
1197,1178,0.017724770981436322,4,offline
1198,1179,0.018041555885156324,4,offline
1199,1180,0.01886709257489194,4,offline
1200,1181,0.019844511027558576,4,offline
1201,1182,0.01877587188735963,4,offline
1202,1183,0.018621403018826754,4,offline
1203,1184,0.019808989318460313,4,offline
1204,1185,0.019895172816195794,4,offline
1205,1186,0.0191691746029945,4,offline
1206,1187,0.01618573088240638,4,offline
1207,1188,0.01641218736290817,4,offline
1208,1189,0.016360174354358104,4,offline
1209,1190,0.016502256379869906,4,offline
1210,1191,0.01633207120203517,4,offline
1211,1192,0.01630885214362332,4,offline
1212,1193,0.015900552851737526,4,offline
1213,1194,0.016995792907267715,4,offline
1214,1195,0.017144856246734452,4,offline
1215,1196,0.017455428085501712,4,offline
1216,1197,0.018198948794118097,4,offline
1217,1198,0.01739926105559797,4,offline
1218,1199,0.019650034185579646,4,offline
1219,1200,0.01993514879049274,4,offline
1220,1201,0.01853217276312702,4,offline
1221,1202,0.020125886126753145,4,offline
1222,1203,0.02084556942999105,4,offline
1223,1204,0.019846804461662537,4,offline
1224,1205,0.02042881885181269,4,offline
1225,1206,0.020913409074282963,4,offline
1226,1207,0.021899887619507785,4,offline
1227,1208,0.022220598614186238,4,offline
1228,1209,0.023123123333819273,4,offline
1229,1210,0.0240786210229873,4,offline
1230,1211,0.024806361622521367,4,offline
1231,1212,0.025757248964163426,4,offline
1232,1213,0.027013692104565612,4,offline
1233,1214,0.026186847245838862,4,offline
1234,1215,0.02857097304966849,4,offline
1235,1216,0.028968481268233703,4,offline
1236,1217,0.029641612345898682,4,offline
1237,1218,0.03231502685502052,4,offline
1238,1219,0.02688932940861888,4,offline
1239,1220,0.027269715215288315,4,offline
1240,1221,0.028726696287662445,4,offline
1241,1222,0.027748206700192624,4,offline
1242,1223,0.02767669852743515,4,offline
1243,1224,0.02748043368246411,4,offline
1244,1225,0.02745161834250809,4,offline
1245,1226,0.028401358353615125,4,offline
1246,1227,0.022164677663320975,4,offline
1247,1228,0.02107326119963915,4,offline
1248,1229,0.019304293283783136,4,offline
1249,1230,0.01879716800346809,4,offline
1250,1231,0.01875313721832439,4,offline
1251,1232,0.018355853906471098,4,offline
1252,1233,0.018024004086079293,4,offline
1253,1234,0.01787741983342539,4,offline
1254,1235,0.01755527968366921,4,offline
1255,1236,0.017762444538948485,4,offline
1256,1237,0.01751741305730814,4,offline
1257,1238,0.016676695872523406,4,offline
1258,1239,0.017294284270620075,4,offline
1259,1240,0.01623099529341865,4,offline
1260,1241,0.01621617800305175,4,offline
1261,1242,0.01598225791324337,4,offline
1262,1243,0.01666196421346333,4,offline
1263,1244,0.01744062875249397,4,offline
1264,1245,0.017418900173161722,4,offline
1265,1246,0.017238075391636243,4,offline
1266,1247,0.020015270648567784,4,offline
1267,1248,0.020981744914051803,4,offline
1268,1249,0.022013197285483344,4,offline
1269,1250,0.021602383080459697,4,offline
1270,1251,0.022236530893819717,4,offline
1271,1252,0.021601869768398285,4,offline
1272,1253,0.02176028187330059,4,offline
1273,1254,0.022153705059260953,4,offline
1274,1255,0.021539690479247753,4,offline
1275,1256,0.020809132832810384,4,offline
1276,1257,0.020359945926854084,4,offline
1277,1258,0.02003006078128533,4,offline
1278,1259,0.02001159394888241,4,offline
1279,1260,0.020566588891174242,4,offline
1280,1261,0.021288897701223997,4,offline
1281,1262,0.021535478069502734,4,offline
1282,1263,0.020642431893229785,4,offline
1283,1264,0.01933597758261163,4,offline
1284,1265,0.01869352781274025,4,offline
1285,1266,0.018716429469057383,4,offline
1286,1267,0.01881652577921944,4,offline
1287,1268,0.018407986707379864,4,offline
1288,1269,0.018920331259917766,4,offline
1289,1270,0.019397811597077652,4,offline
1290,1271,0.018897459710522257,4,offline
1291,1272,0.019131019807232197,4,offline
1292,1273,0.018945120872187582,4,offline
1293,1274,0.01824339558801169,4,offline
1294,1275,0.018848978124007543,4,offline
1295,1276,0.018410499609659903,4,offline
1296,1277,0.018486889988590716,4,offline
1297,1278,0.018238015708318622,4,offline
1298,1279,0.018673037893971567,4,offline
1299,1280,0.01881025375923573,4,offline
1300,1281,0.016483642636687557,4,offline
1301,1282,0.0182189041980082,4,offline
1302,1283,0.018496506718535644,4,offline
1303,1284,0.019172185416274523,4,offline
1304,1285,0.01883949307374222,4,offline
1305,1286,0.01865387420011344,4,offline
1306,1287,0.018309361851720052,4,offline
1307,1288,0.018220102949056072,4,offline
1308,1289,0.017662035621939354,4,offline
1309,1290,0.017079565353173343,4,offline
1310,1291,0.016499304336388465,4,offline
1311,1292,0.01668844096740507,4,offline
1312,1293,0.017127137168098883,4,offline
1313,1294,0.017148980458431273,4,offline
1314,1295,0.016844701024030906,4,offline
1315,1296,0.016448277163762515,4,offline
1316,1297,0.015672990232574846,4,offline
1317,1298,0.015799497993729483,4,offline
1318,1299,0.014141340899094246,4,offline
1319,1300,0.013511163949958882,4,offline
1320,1301,0.01461919339517781,4,offline
1321,1302,0.01271998582037781,4,offline
1322,1303,0.012136642959928223,4,offline
1323,1304,0.010731726011016574,4,offline
1324,1305,0.011681249920948766,4,offline
1325,1306,0.011329987537270547,4,offline
1326,1307,0.012111162442217216,4,offline
1327,1308,0.012371544773196463,4,offline
1328,1309,0.012324441207198888,4,offline
1329,1310,0.012366323731456519,4,offline
1330,1311,0.013626888886949517,4,offline
1331,1312,0.014297789999054289,4,offline
1332,1313,0.01375072421178436,4,offline
1333,1314,0.01406822310366107,4,offline
1334,1315,0.013954217339629427,4,offline
1335,1316,0.01472926596799995,4,offline
1336,1317,0.01573942270540718,4,offline
1337,1318,0.01574004815707397,4,offline
1338,1319,0.016559023357996527,4,offline
1339,1320,0.01627557982746619,4,offline
1340,1321,0.016546645069854815,4,offline
1341,1322,0.016654511343283884,4,offline
1342,1323,0.01635921177326083,4,offline
1343,1324,0.017245721195100483,4,offline
1344,1325,0.017423328021450746,4,offline
1345,1326,0.01786922143277281,4,offline
1346,1327,0.01726100003743336,4,offline
1347,1328,0.01689585735242849,4,offline
1348,1329,0.016863192503036695,4,offline
1349,1330,0.017168440823090325,4,offline
1350,1331,0.016361095177437446,4,offline
1351,1332,0.015221532758567635,4,offline
1352,1333,0.01520336013734147,4,offline
1353,1334,0.01481463672733574,4,offline
1354,1335,0.015342265281361178,4,offline
1355,1336,0.015762225091384585,4,offline
1356,1337,0.018528195712245843,4,offline
1357,1338,0.018819206099476626,4,offline
1358,1339,0.019165053522080422,4,offline
1359,1340,0.019795812016836,4,offline
1360,1341,0.02027202124682881,4,offline
1361,1342,0.020071747900302195,4,offline
1362,1343,0.0207310580558151,4,offline
1363,1344,0.020302410757816247,4,offline
1364,1345,0.020004641357808772,4,offline
1365,1346,0.019818366292530087,4,offline
1366,1347,0.020806774976792064,4,offline
1367,1348,0.021258740905889195,4,offline
1368,1349,0.021734825191796592,4,offline
1369,1350,0.021552254476216115,4,offline
1370,1351,0.020862970622387955,4,offline
1371,1352,0.020211429075044696,4,offline
1372,1353,0.020365567957311814,4,offline
1373,1354,0.023000144262656952,4,offline
1374,1355,0.022389589781362296,4,offline
1375,1356,0.022823079289551185,4,offline
1376,1357,0.019996079773653697,4,offline
1377,1358,0.020051299918370402,4,offline
1378,1359,0.019494083718138433,4,offline
1379,1360,0.020530663072010347,4,offline
1079,1060,0.025457838633201835,4,online
1080,1061,0.025804999731557254,4,online
1081,1062,0.021574997578514443,4,online
1082,1063,0.022744947745852007,4,online
1083,1064,0.023108608655739826,4,online
1084,1065,0.02432367290970161,4,online
1085,1066,0.024996865948277103,4,online
1086,1067,0.02601137658056807,4,online
1087,1068,0.025889447393702247,4,online
1088,1069,0.026420493526454147,4,online
1089,1070,0.026254437473108294,4,online
1090,1071,0.026510337827856056,4,online
1091,1072,0.027216121234799218,4,online
1092,1073,0.027202883934939193,4,online
1093,1074,0.026621652472363366,4,online
1094,1075,0.02603514253665129,4,online
1095,1076,0.02579561463699831,4,online
1096,1077,0.025439502281238147,4,online
1097,1078,0.025619156486334393,4,online
1098,1079,0.02680264449459624,4,online
1099,1080,0.026455532220092226,4,online
1100,1081,0.026416389995565726,4,online
1101,1082,0.026110977149068737,4,online
1102,1083,0.024567708869887128,4,online
1103,1084,0.024965913870637957,4,online
1104,1085,0.026463092257200338,4,online
1105,1086,0.02668162206966118,4,online
1106,1087,0.025487237978825128,4,online
1107,1088,0.024943084706555707,4,online
1108,1089,0.023841291843335166,4,online
1109,1090,0.023405328414642823,4,online
1110,1091,0.023767230852456245,4,online
1111,1092,0.02356521713951365,4,online
1112,1093,0.02428503803365245,4,online
1113,1094,0.025105983258185693,4,online
1114,1095,0.024295868360912354,4,online
1115,1096,0.02392295605811956,4,online
1116,1097,0.02403873677024182,4,online
1117,1098,0.023585886519114974,4,online
1118,1099,0.02285472041213299,4,online
1119,1100,0.023112511127432844,4,online
1120,1101,0.022223638141616764,4,online
1121,1102,0.022331616073540173,4,online
1122,1103,0.023010909457788165,4,online
1123,1104,0.023138609893821216,4,online
1124,1105,0.022133809296711937,4,online
1125,1106,0.02200871903513235,4,online
1126,1107,0.021598734414449594,4,online
1127,1108,0.022185526944195733,4,online
1128,1109,0.02245260592704157,4,online
1129,1110,0.023418150380557723,4,online
1130,1111,0.022693411064019675,4,online
1131,1112,0.023842361210373197,4,online
1132,1113,0.02403832608053591,4,online
1133,1114,0.023888896516272462,4,online
1134,1115,0.02490297767419314,4,online
1135,1116,0.024779808713465856,4,online
1136,1117,0.02400980864938529,4,online
1137,1118,0.023781834395476098,4,online
1138,1119,0.02414625803499193,4,online
1139,1120,0.025471947438991727,4,online
1140,1121,0.026585646774490268,4,online
1141,1122,0.02727732946440231,4,online
1142,1123,0.027913052450344256,4,online
1143,1124,0.02790922736286483,4,online
1144,1125,0.027749482853063445,4,online
1145,1126,0.02726849069295778,4,online
1146,1127,0.02858046921628765,4,online
1147,1128,0.02983301465135435,4,online
1148,1129,0.03168084117911962,4,online
1149,1130,0.031122778193367062,4,online
1150,1131,0.032942616035111394,4,online
1151,1132,0.03229538328555548,4,online
1152,1133,0.03197228579500455,4,online
1153,1134,0.03193686885358893,4,online
1154,1135,0.03225482529642343,4,online
1155,1136,0.03284267206816904,4,online
1156,1137,0.03416167813622906,4,online
1157,1138,0.03543314901773731,4,online
1158,1139,0.0347321240598607,4,online
1159,1140,0.032790082418783784,4,online
1160,1141,0.03371072940912656,4,online
1161,1142,0.03411522514104548,4,online
1162,1143,0.033584046572325166,4,online
1163,1144,0.033256817750580536,4,online
1164,1145,0.03284581082206084,4,online
1165,1146,0.03290215364234472,4,online
1166,1147,0.03211843646570356,4,online
1167,1148,0.031129035662025073,4,online
1168,1149,0.030285780776077464,4,online
1169,1150,0.030403897430700266,4,online
1170,1151,0.029418559845277525,4,online
1171,1152,0.029762458323829843,4,online
1172,1153,0.0285085326902057,4,online
1173,1154,0.02814615268789855,4,online
1174,1155,0.027668199981183306,4,online
1175,1156,0.028326342938749693,4,online
1176,1157,0.028058325855727873,4,online
1177,1158,0.026756100680622175,4,online
1178,1159,0.026730719385761104,4,online
1179,1160,0.024921632019348494,4,online
1180,1161,0.02352104211181061,4,online
1181,1162,0.022993642485083954,4,online
1182,1163,0.0221500717413875,4,online
1183,1164,0.021191342469336627,4,online
1184,1165,0.020397177731749094,4,online
1185,1166,0.021493935075470705,4,online
1186,1167,0.02522270337897381,4,online
1187,1168,0.02497837031386463,4,online
1188,1169,0.024279398026367582,4,online
1189,1170,0.0240360710060028,4,online
1190,1171,0.023933306046198588,4,online
1191,1172,0.0232997784679696,4,online
1192,1173,0.02402296192383435,4,online
1193,1174,0.023728076986505253,4,online
1194,1175,0.02168625819700276,4,online
1195,1176,0.02060596775353063,4,online
1196,1177,0.02019328386543706,4,online
1197,1178,0.020713046870411866,4,online
1198,1179,0.02094177708594558,4,online
1199,1180,0.02194093272734987,4,online
1200,1181,0.02301680662318939,4,online
1201,1182,0.022107977253702504,4,online
1202,1183,0.02226473498968018,4,online
1203,1184,0.02412189644767848,4,online
1204,1185,0.023841905465833424,4,online
1205,1186,0.02261341478126544,4,online
1206,1187,0.019575161997372748,4,online
1207,1188,0.01950511969942248,4,online
1208,1189,0.0194211931165974,4,online
1209,1190,0.019270995304812355,4,online
1210,1191,0.01857445858215301,4,online
1211,1192,0.018610992070285493,4,online
1212,1193,0.01836081491646846,4,online
1213,1194,0.019271954292750415,4,online
1214,1195,0.020156069288849388,4,online
1215,1196,0.020651895551446087,4,online
1216,1197,0.021129615184884654,4,online
1217,1198,0.020181550040266005,4,online
1218,1199,0.02268213077604664,4,online
1219,1200,0.023015991765624633,4,online
1220,1201,0.021086336476271117,4,online
1221,1202,0.022046539709436153,4,online
1222,1203,0.022417045087458898,4,online
1223,1204,0.020739417178211816,4,online
1224,1205,0.02196131659817191,4,online
1225,1206,0.022412553081517017,4,online
1226,1207,0.02343485828688019,4,online
1227,1208,0.02350192547729779,4,online
1228,1209,0.02463290536480267,4,online
1229,1210,0.02583155808878035,4,online
1230,1211,0.02706955913009801,4,online
1231,1212,0.02751720332027552,4,online
1232,1213,0.028246328371554164,4,online
1233,1214,0.027129078552791674,4,online
1234,1215,0.02930461850843591,4,online
1235,1216,0.02982290346069183,4,online
1236,1217,0.03011696704219058,4,online
1237,1218,0.033386418193073863,4,online
1238,1219,0.026368713374085972,4,online
1239,1220,0.026679574068005807,4,online
1240,1221,0.029190309652853297,4,online
1241,1222,0.0282935414367379,4,online
1242,1223,0.028795653504124163,4,online
1243,1224,0.02854195742474608,4,online
1244,1225,0.028581997788966418,4,online
1245,1226,0.03059635655937354,4,online
1246,1227,0.02189917193478763,4,online
1247,1228,0.02055313895974331,4,online
1248,1229,0.01854969509328419,4,online
1249,1230,0.01773788591030534,4,online
1250,1231,0.017564253034758837,4,online
1251,1232,0.01774673244343461,4,online
1252,1233,0.017925823767599436,4,online
1253,1234,0.018211019924068705,4,online
1254,1235,0.01807492640010311,4,online
1255,1236,0.018297455980989086,4,online
1256,1237,0.018227272418407603,4,online
1257,1238,0.016981256610521078,4,online
1258,1239,0.018236995408115075,4,online
1259,1240,0.017318654378458476,4,online
1260,1241,0.017069704673797093,4,online
1261,1242,0.017268202275046107,4,online
1262,1243,0.016956848303386285,4,online
1263,1244,0.01855301789274444,4,online
1264,1245,0.01860073458362621,4,online
1265,1246,0.017903462561640326,4,online
1266,1247,0.023311541396819235,4,online
1267,1248,0.02450579397214192,4,online
1268,1249,0.026049987716910583,4,online
1269,1250,0.02545530810287544,4,online
1270,1251,0.026173485108745176,4,online
1271,1252,0.02546951428759081,4,online
1272,1253,0.025453201943265946,4,online
1273,1254,0.025916317819113743,4,online
1274,1255,0.02530038169260762,4,online
1275,1256,0.024664588189469705,4,online
1276,1257,0.024296316927427952,4,online
1277,1258,0.024226842262848658,4,online
1278,1259,0.023798692540948463,4,online
1279,1260,0.02405354383925784,4,online
1280,1261,0.02478673576680579,4,online
1281,1262,0.02497830958908631,4,online
1282,1263,0.02500752019595842,4,online
1283,1264,0.02274480560086034,4,online
1284,1265,0.022225139227052715,4,online
1285,1266,0.022277799142698895,4,online
1286,1267,0.022090950167341528,4,online
1287,1268,0.021386490396929303,4,online
1288,1269,0.022100109498743414,4,online
1289,1270,0.023314615775985814,4,online
1290,1271,0.023038411628720556,4,online
1291,1272,0.02451326767946793,4,online
1292,1273,0.025248580248558028,4,online
1293,1274,0.025032356309339643,4,online
1294,1275,0.023740370741951677,4,online
1295,1276,0.023816345292422048,4,online
1296,1277,0.024107962895509427,4,online
1297,1278,0.024254764461840606,4,online
1298,1279,0.02439066766373621,4,online
1299,1280,0.02478456880946922,4,online
1300,1281,0.022998658470211653,4,online
1301,1282,0.024522437403388886,4,online
1302,1283,0.024019683415878013,4,online
1303,1284,0.024899037175119765,4,online
1304,1285,0.02423071292270007,4,online
1305,1286,0.024121237865483702,4,online
1306,1287,0.023582681876783473,4,online
1307,1288,0.024106653542338874,4,online
1308,1289,0.02354577543029923,4,online
1309,1290,0.022684723622231173,4,online
1310,1291,0.021440366211453843,4,online
1311,1292,0.021466984218721397,4,online
1312,1293,0.021467304436177836,4,online
1313,1294,0.021100956475378463,4,online
1314,1295,0.022681536108234424,4,online
1315,1296,0.022131238022649047,4,online
1316,1297,0.0214621752353249,4,online
1317,1298,0.020493979186625988,4,online
1318,1299,0.019281667631695143,4,online
1319,1300,0.018753141943952167,4,online
1320,1301,0.01954133224729704,4,online
1321,1302,0.01773054194664636,4,online
1322,1303,0.01828827246603193,4,online
1323,1304,0.01643984851008462,4,online
1324,1305,0.017848112712619435,4,online
1325,1306,0.017054107618325487,4,online
1326,1307,0.01867137559581078,4,online
1327,1308,0.0184526334058448,4,online
1328,1309,0.018719337827669547,4,online
1329,1310,0.01880898993590685,4,online
1330,1311,0.0196842335979609,4,online
1331,1312,0.0191214697186185,4,online
1332,1313,0.01795224741708812,4,online
1333,1314,0.01787057785182944,4,online
1334,1315,0.017478575417436137,4,online
1335,1316,0.0182571906900707,4,online
1336,1317,0.01892613856534653,4,online
1337,1318,0.01975749309935848,4,online
1338,1319,0.020540128770289656,4,online
1339,1320,0.020572655250959637,4,online
1340,1321,0.02070676584654274,4,online
1341,1322,0.020576813271877215,4,online
1342,1323,0.019989043329991518,4,online
1343,1324,0.021218497766813837,4,online
1344,1325,0.021108063802382282,4,online
1345,1326,0.02169947474380518,4,online
1346,1327,0.020627615536445765,4,online
1347,1328,0.02083332268130056,4,online
1348,1329,0.02027400369335519,4,online
1349,1330,0.02026026928286928,4,online
1350,1331,0.020940429288775153,4,online
1351,1332,0.020241984536121915,4,online
1352,1333,0.020631153789602452,4,online
1353,1334,0.020946350534230995,4,online
1354,1335,0.021212339157598792,4,online
1355,1336,0.02143880248482699,4,online
1356,1337,0.025455717726409532,4,online
1357,1338,0.025442321563782788,4,online
1358,1339,0.02577622349621933,4,online
1359,1340,0.025912679469589528,4,online
1360,1341,0.026156669211417016,4,online
1361,1342,0.02599240095655675,4,online
1362,1343,0.02657876167175055,4,online
1363,1344,0.02620358790248989,4,online
1364,1345,0.02596765058435946,4,online
1365,1346,0.026349990253402567,4,online
1366,1347,0.029190090658134493,4,online
1367,1348,0.029714415293855212,4,online
1368,1349,0.031131588572268387,4,online
1369,1350,0.031224416329179494,4,online
1370,1351,0.029342731507801978,4,online
1371,1352,0.028864858332828147,4,online
1372,1353,0.029076357989511803,4,online
1373,1354,0.03183064807170377,4,online
1374,1355,0.031204560299971096,4,online
1375,1356,0.030709584416328428,4,online
1376,1357,0.026570543253051082,4,online
1377,1358,0.026607196224651464,4,online
1378,1359,0.026270123430431447,4,online
1379,1360,0.027493055766436236,4,online
1079,1060,0.02094764707519381,5,offline
1080,1061,0.021594782722381467,5,offline
1081,1062,0.016124136669480094,5,offline
1082,1063,0.016926544162070956,5,offline
1083,1064,0.017240273066781997,5,offline
1084,1065,0.018946518806567614,5,offline
1085,1066,0.020466937799973772,5,offline
1086,1067,0.021184542595381384,5,offline
1087,1068,0.02119234026611161,5,offline
1088,1069,0.021351934439082232,5,offline
1089,1070,0.021485666835806883,5,offline
1090,1071,0.02195827034597031,5,offline
1091,1072,0.02273758047709773,5,offline
1092,1073,0.02239396122356707,5,offline
1093,1074,0.02200187253615682,5,offline
1094,1075,0.021716081387456843,5,offline
1095,1076,0.02165350465228244,5,offline
1096,1077,0.022028293307701508,5,offline
1097,1078,0.02252675359601497,5,offline
1098,1079,0.022814811528023338,5,offline
1099,1080,0.022194033272410763,5,offline
1100,1081,0.021588431869088986,5,offline
1101,1082,0.020942009581419452,5,offline
1102,1083,0.019565881922194217,5,offline
1103,1084,0.020441049596097938,5,offline
1104,1085,0.022552455423915485,5,offline
1105,1086,0.022449340818038177,5,offline
1106,1087,0.02139334441171048,5,offline
1107,1088,0.021328016536209193,5,offline
1108,1089,0.020533630612618592,5,offline
1109,1090,0.020098597930406248,5,offline
1110,1091,0.02020781777812375,5,offline
1111,1092,0.01971935028773042,5,offline
1112,1093,0.020349503811891267,5,offline
1113,1094,0.02126727899088232,5,offline
1114,1095,0.02065092765671972,5,offline
1115,1096,0.020250059054078506,5,offline
1116,1097,0.020248937904792208,5,offline
1117,1098,0.01963848544600022,5,offline
1118,1099,0.01942158227942936,5,offline
1119,1100,0.019445060600306707,5,offline
1120,1101,0.01887369829505603,5,offline
1121,1102,0.018875435087051917,5,offline
1122,1103,0.019999711224906402,5,offline
1123,1104,0.019588959354620017,5,offline
1124,1105,0.017632267679044245,5,offline
1125,1106,0.0175561380888829,5,offline
1126,1107,0.017619509310699555,5,offline
1127,1108,0.017662844952033296,5,offline
1128,1109,0.017428888454726454,5,offline
1129,1110,0.017765923846887022,5,offline
1130,1111,0.016546876294897594,5,offline
1131,1112,0.016751947100769327,5,offline
1132,1113,0.01604574824870908,5,offline
1133,1114,0.014940630720136738,5,offline
1134,1115,0.01605488280862688,5,offline
1135,1116,0.016344073407912774,5,offline
1136,1117,0.015738615408589007,5,offline
1137,1118,0.015639790167934597,5,offline
1138,1119,0.01592816187972379,5,offline
1139,1120,0.016793666348536518,5,offline
1140,1121,0.017194067783734557,5,offline
1141,1122,0.01713334043680248,5,offline
1142,1123,0.017041714384466666,5,offline
1143,1124,0.016057181651605523,5,offline
1144,1125,0.016004187417032356,5,offline
1145,1126,0.015772102539413302,5,offline
1146,1127,0.016248991317310946,5,offline
1147,1128,0.01742594813336784,5,offline
1148,1129,0.01938876255743127,5,offline
1149,1130,0.019530588517666425,5,offline
1150,1131,0.02137895840094184,5,offline
1151,1132,0.02185520750230041,5,offline
1152,1133,0.022473431027362767,5,offline
1153,1134,0.022845096405910148,5,offline
1154,1135,0.02211653863611629,5,offline
1155,1136,0.021646334370208575,5,offline
1156,1137,0.022762920462128244,5,offline
1157,1138,0.02381503028312204,5,offline
1158,1139,0.023148700110893983,5,offline
1159,1140,0.02174036092709386,5,offline
1160,1141,0.02220004346510096,5,offline
1161,1142,0.021923551422806442,5,offline
1162,1143,0.021212293271883786,5,offline
1163,1144,0.021860978046805202,5,offline
1164,1145,0.021155911216104828,5,offline
1165,1146,0.020977546890055487,5,offline
1166,1147,0.02052710725267559,5,offline
1167,1148,0.01953908133817972,5,offline
1168,1149,0.0188181385603976,5,offline
1169,1150,0.01846116879793136,5,offline
1170,1151,0.017356147310577108,5,offline
1171,1152,0.016915800245363766,5,offline
1172,1153,0.015989829348105222,5,offline
1173,1154,0.01671880959686345,5,offline
1174,1155,0.01626155131191287,5,offline
1175,1156,0.016890424283063865,5,offline
1176,1157,0.01598871418200909,5,offline
1177,1158,0.014694049892835293,5,offline
1178,1159,0.014793520475749222,5,offline
1179,1160,0.013887818806984753,5,offline
1180,1161,0.013336740878148512,5,offline
1181,1162,0.013861221024976889,5,offline
1182,1163,0.013999844605705691,5,offline
1183,1164,0.013689078143854227,5,offline
1184,1165,0.013726550866546505,5,offline
1185,1166,0.014807048548888702,5,offline
1186,1167,0.019863818485003626,5,offline
1187,1168,0.019119901646694526,5,offline
1188,1169,0.018863478387980637,5,offline
1189,1170,0.018866355102603705,5,offline
1190,1171,0.018789189682101193,5,offline
1191,1172,0.018973483830981297,5,offline
1192,1173,0.019671142812611175,5,offline
1193,1174,0.018774772144140806,5,offline
1194,1175,0.018325256663749068,5,offline
1195,1176,0.017724988374037798,5,offline
1196,1177,0.01748191194465587,5,offline
1197,1178,0.01854038305437289,5,offline
1198,1179,0.01865547875575624,5,offline
1199,1180,0.0197809230328444,5,offline
1200,1181,0.021114235952136795,5,offline
1201,1182,0.020415259610004677,5,offline
1202,1183,0.020162186597441845,5,offline
1203,1184,0.021466268539145017,5,offline
1204,1185,0.021715123155080285,5,offline
1205,1186,0.020857449813608597,5,offline
1206,1187,0.017120240703480283,5,offline
1207,1188,0.017533251712932185,5,offline
1208,1189,0.017274490410331467,5,offline
1209,1190,0.01720078073868092,5,offline
1210,1191,0.017303429236760315,5,offline
1211,1192,0.017012084660653515,5,offline
1212,1193,0.01671914618094239,5,offline
1213,1194,0.017854008051480186,5,offline
1214,1195,0.018071211247056684,5,offline
1215,1196,0.019137024793909774,5,offline
1216,1197,0.019843714196400963,5,offline
1217,1198,0.018792305336082893,5,offline
1218,1199,0.02193055385226017,5,offline
1219,1200,0.02217271353852568,5,offline
1220,1201,0.02013694246829234,5,offline
1221,1202,0.021625690672696152,5,offline
1222,1203,0.022352506790123905,5,offline
1223,1204,0.02117970799428126,5,offline
1224,1205,0.021638165593978353,5,offline
1225,1206,0.022211774500094483,5,offline
1226,1207,0.02343223287146412,5,offline
1227,1208,0.023758965176979285,5,offline
1228,1209,0.024768582319130483,5,offline
1229,1210,0.025956943146594247,5,offline
1230,1211,0.02643561345043477,5,offline
1231,1212,0.027989498849063654,5,offline
1232,1213,0.029003605582118896,5,offline
1233,1214,0.02814662604244056,5,offline
1234,1215,0.030069893072959375,5,offline
1235,1216,0.029558209014878045,5,offline
1236,1217,0.03079871043719118,5,offline
1237,1218,0.03390547460046445,5,offline
1238,1219,0.02666640071444004,5,offline
1239,1220,0.027704030740862917,5,offline
1240,1221,0.03027786563000634,5,offline
1241,1222,0.028995734259254058,5,offline
1242,1223,0.0289714443130612,5,offline
1243,1224,0.029088866337872776,5,offline
1244,1225,0.028862133512533417,5,offline
1245,1226,0.029671435889885522,5,offline
1246,1227,0.02570717441689596,5,offline
1247,1228,0.024272843431946245,5,offline
1248,1229,0.022946772119695202,5,offline
1249,1230,0.022178673000494142,5,offline
1250,1231,0.0221651391858938,5,offline
1251,1232,0.021261196228415824,5,offline
1252,1233,0.020918348061593095,5,offline
1253,1234,0.021184983392981138,5,offline
1254,1235,0.020996294438473395,5,offline
1255,1236,0.021116304848736944,5,offline
1256,1237,0.02051982012455722,5,offline
1257,1238,0.019567815868158145,5,offline
1258,1239,0.020194612491870267,5,offline
1259,1240,0.018642401933927855,5,offline
1260,1241,0.01868800110649793,5,offline
1261,1242,0.017821490106352367,5,offline
1262,1243,0.01869955088012376,5,offline
1263,1244,0.01961273736017133,5,offline
1264,1245,0.019302521825608765,5,offline
1265,1246,0.018933688762926892,5,offline
1266,1247,0.019228141874474525,5,offline
1267,1248,0.020560006199816017,5,offline
1268,1249,0.021029143320568933,5,offline
1269,1250,0.020833540803807282,5,offline
1270,1251,0.021734442488242633,5,offline
1271,1252,0.02105776466071385,5,offline
1272,1253,0.021693320925501136,5,offline
1273,1254,0.021791349665258086,5,offline
1274,1255,0.02103660450292677,5,offline
1275,1256,0.020610182881290684,5,offline
1276,1257,0.020066062707583487,5,offline
1277,1258,0.01978501965536117,5,offline
1278,1259,0.019629618157364748,5,offline
1279,1260,0.020387466183070524,5,offline
1280,1261,0.02123060398912635,5,offline
1281,1262,0.021889740095246246,5,offline
1282,1263,0.0206223737580854,5,offline
1283,1264,0.019094756881108843,5,offline
1284,1265,0.01890829834025831,5,offline
1285,1266,0.0189244913206974,5,offline
1286,1267,0.01896182720288786,5,offline
1287,1268,0.018083980987292803,5,offline
1288,1269,0.018524715029462513,5,offline
1289,1270,0.01897512286733194,5,offline
1290,1271,0.018384032042743415,5,offline
1291,1272,0.019450302266824093,5,offline
1292,1273,0.018461816220846528,5,offline
1293,1274,0.017426638805424277,5,offline
1294,1275,0.017881643185703067,5,offline
1295,1276,0.017177068282958396,5,offline
1296,1277,0.017172964851910777,5,offline
1297,1278,0.016994809450730397,5,offline
1298,1279,0.017266196973868442,5,offline
1299,1280,0.017086995204211752,5,offline
1300,1281,0.013979512840858077,5,offline
1301,1282,0.015937591918760763,5,offline
1302,1283,0.016873853806641637,5,offline
1303,1284,0.017599773893504644,5,offline
1304,1285,0.01748372335595627,5,offline
1305,1286,0.016915774738170297,5,offline
1306,1287,0.01653530510080281,5,offline
1307,1288,0.0166086121848813,5,offline
1308,1289,0.016055802455668844,5,offline
1309,1290,0.015503602175038766,5,offline
1310,1291,0.015034261288606965,5,offline
1311,1292,0.014632743891546895,5,offline
1312,1293,0.015332545021112365,5,offline
1313,1294,0.015422255821946673,5,offline
1314,1295,0.01503377648004356,5,offline
1315,1296,0.014902878824102461,5,offline
1316,1297,0.01440775817243145,5,offline
1317,1298,0.014621413274488293,5,offline
1318,1299,0.013282249958371906,5,offline
1319,1300,0.012741201275933367,5,offline
1320,1301,0.014653250488867786,5,offline
1321,1302,0.012452373715681753,5,offline
1322,1303,0.011215528829510046,5,offline
1323,1304,0.009831885509219096,5,offline
1324,1305,0.010564618713745366,5,offline
1325,1306,0.010395709894441496,5,offline
1326,1307,0.011351106712429782,5,offline
1327,1308,0.01169705167707158,5,offline
1328,1309,0.011803185975178931,5,offline
1329,1310,0.012070712734926436,5,offline
1330,1311,0.013786506739350002,5,offline
1331,1312,0.01486559158430234,5,offline
1332,1313,0.014441334702814279,5,offline
1333,1314,0.015001623768837846,5,offline
1334,1315,0.01489732703288138,5,offline
1335,1316,0.015389763865958805,5,offline
1336,1317,0.01618034030130311,5,offline
1337,1318,0.01621545028204119,5,offline
1338,1319,0.016503283497693477,5,offline
1339,1320,0.01614815443702089,5,offline
1340,1321,0.01645724714663055,5,offline
1341,1322,0.016660291861614884,5,offline
1342,1323,0.01650396290138023,5,offline
1343,1324,0.017195912545465375,5,offline
1344,1325,0.017227649688494773,5,offline
1345,1326,0.018158807082326645,5,offline
1346,1327,0.017613670158559858,5,offline
1347,1328,0.017481136204556158,5,offline
1348,1329,0.017288933014913854,5,offline
1349,1330,0.017056502592306844,5,offline
1350,1331,0.015531564769516115,5,offline
1351,1332,0.013808108200720537,5,offline
1352,1333,0.013570256498506073,5,offline
1353,1334,0.012856381018910512,5,offline
1354,1335,0.01347108307614786,5,offline
1355,1336,0.014182199502555615,5,offline
1356,1337,0.017283243136600346,5,offline
1357,1338,0.017679137142181056,5,offline
1358,1339,0.018255338920645015,5,offline
1359,1340,0.018842924418469797,5,offline
1360,1341,0.01920332995060292,5,offline
1361,1342,0.01927785201037957,5,offline
1362,1343,0.01973602381491224,5,offline
1363,1344,0.01956469312175535,5,offline
1364,1345,0.01938413469905831,5,offline
1365,1346,0.01872633229980525,5,offline
1366,1347,0.020241249081999757,5,offline
1367,1348,0.020277541656343656,5,offline
1368,1349,0.020908001076609728,5,offline
1369,1350,0.020512036696610614,5,offline
1370,1351,0.02011503973595441,5,offline
1371,1352,0.01964194852390566,5,offline
1372,1353,0.019759470244986255,5,offline
1373,1354,0.022890929422324513,5,offline
1374,1355,0.02250242105799649,5,offline
1375,1356,0.02309881860575369,5,offline
1376,1357,0.01971905930198503,5,offline
1377,1358,0.0197624401291836,5,offline
1378,1359,0.019708505563297174,5,offline
1379,1360,0.021236980925317783,5,offline
1079,1060,0.02539326967845723,5,online
1080,1061,0.025632575751893927,5,online
1081,1062,0.020621801105127346,5,online
1082,1063,0.021830843591771898,5,online
1083,1064,0.0221986504499877,5,online
1084,1065,0.023550154143489932,5,online
1085,1066,0.024639052688731233,5,online
1086,1067,0.025547259905409292,5,online
1087,1068,0.02555110531443705,5,online
1088,1069,0.026243925336267515,5,online
1089,1070,0.026461411645451682,5,online
1090,1071,0.026853033567576734,5,online
1091,1072,0.027551564428316744,5,online
1092,1073,0.027548942624537776,5,online
1093,1074,0.027102363858085954,5,online
1094,1075,0.02655930458783906,5,online
1095,1076,0.02636061720350691,5,online
1096,1077,0.025832875216041162,5,online
1097,1078,0.026017201689754632,5,online
1098,1079,0.027260624937965328,5,online
1099,1080,0.02713838226823173,5,online
1100,1081,0.027191699310289086,5,online
1101,1082,0.02685245874137665,5,online
1102,1083,0.025312196212647464,5,online
1103,1084,0.025991622289847638,5,online
1104,1085,0.0279033741166701,5,online
1105,1086,0.028142954704201584,5,online
1106,1087,0.02693836032554997,5,online
1107,1088,0.02650155467550719,5,online
1108,1089,0.025610285228002128,5,online
1109,1090,0.024956329041961434,5,online
1110,1091,0.02521307449882304,5,online
1111,1092,0.025005307845928137,5,online
1112,1093,0.025810380767041674,5,online
1113,1094,0.026739754051621767,5,online
1114,1095,0.025896933828653768,5,online
1115,1096,0.02558864150935647,5,online
1116,1097,0.025728176743320397,5,online
1117,1098,0.02530809097694542,5,online
1118,1099,0.024672946888085412,5,online
1119,1100,0.024855876409209277,5,online
1120,1101,0.024040008478524055,5,online
1121,1102,0.02405000894299436,5,online
1122,1103,0.024698485141729565,5,online
1123,1104,0.02466016232897228,5,online
1124,1105,0.023484311958022475,5,online
1125,1106,0.023303923316183583,5,online
1126,1107,0.02309069368138883,5,online
1127,1108,0.023863591816876584,5,online
1128,1109,0.024018294578592836,5,online
1129,1110,0.02500318143521918,5,online
1130,1111,0.02419832353455198,5,online
1131,1112,0.02534414512869787,5,online
1132,1113,0.025597496461613134,5,online
1133,1114,0.02539182950374763,5,online
1134,1115,0.026546431726076403,5,online
1135,1116,0.02653999704949206,5,online
1136,1117,0.025772803954967505,5,online
1137,1118,0.025619252286388727,5,online
1138,1119,0.026050667582796172,5,online
1139,1120,0.027440573735056373,5,online
1140,1121,0.02846127179034752,5,online
1141,1122,0.0292361302147206,5,online
1142,1123,0.029785465350094076,5,online
1143,1124,0.029716837015899333,5,online
1144,1125,0.029535715091753345,5,online
1145,1126,0.02919393129992598,5,online
1146,1127,0.030411585423742893,5,online
1147,1128,0.03143143682957972,5,online
1148,1129,0.03306949148532401,5,online
1149,1130,0.032652014882786795,5,online
1150,1131,0.03456560928065078,5,online
1151,1132,0.03374298641521878,5,online
1152,1133,0.033383974598496624,5,online
1153,1134,0.033378740572884924,5,online
1154,1135,0.03353719692686352,5,online
1155,1136,0.03394549926671053,5,online
1156,1137,0.03553514940114344,5,online
1157,1138,0.036783931589543295,5,online
1158,1139,0.036150194854476014,5,online
1159,1140,0.03418303258901101,5,online
1160,1141,0.03513005366140598,5,online
1161,1142,0.03550764346362589,5,online
1162,1143,0.035075878719256326,5,online
1163,1144,0.03478924553734142,5,online
1164,1145,0.03429118515369878,5,online
1165,1146,0.03414240572898619,5,online
1166,1147,0.03339776626595259,5,online
1167,1148,0.03250833993438429,5,online
1168,1149,0.03176449330781683,5,online
1169,1150,0.031812243941160445,5,online
1170,1151,0.030903139167609117,5,online
1171,1152,0.03140405021873627,5,online
1172,1153,0.02993288470356381,5,online
1173,1154,0.029443090578797237,5,online
1174,1155,0.028850073435148227,5,online
1175,1156,0.029428295646339087,5,online
1176,1157,0.029012049614108193,5,online
1177,1158,0.02780483151246571,5,online
1178,1159,0.027574355463936384,5,online
1179,1160,0.02554116527830408,5,online
1180,1161,0.02405472558100874,5,online
1181,1162,0.023512273735737388,5,online
1182,1163,0.02275882893063952,5,online
1183,1164,0.02184841827859796,5,online
1184,1165,0.021007265834061428,5,online
1185,1166,0.022149413856605626,5,online
1186,1167,0.026064792382923252,5,online
1187,1168,0.02579174733131684,5,online
1188,1169,0.024988501790304873,5,online
1189,1170,0.02465821452661021,5,online
1190,1171,0.02449572567907321,5,online
1191,1172,0.023926666306301803,5,online
1192,1173,0.024702219297591865,5,online
1193,1174,0.024461136767144565,5,online
1194,1175,0.02239409901449374,5,online
1195,1176,0.0210371935815169,5,online
1196,1177,0.02059119576782409,5,online
1197,1178,0.020839033716413824,5,online
1198,1179,0.02110345004658376,5,online
1199,1180,0.022215335944610115,5,online
1200,1181,0.02324791439646956,5,online
1201,1182,0.02248299762495598,5,online
1202,1183,0.022593708052559336,5,online
1203,1184,0.024220119599566603,5,online
1204,1185,0.024028428396689838,5,online
1205,1186,0.02288105310439903,5,online
1206,1187,0.019655591400064232,5,online
1207,1188,0.019626332482180042,5,online
1208,1189,0.01950838456906101,5,online
1209,1190,0.019373736694665022,5,online
1210,1191,0.018698506316331964,5,online
1211,1192,0.018559694314807862,5,online
1212,1193,0.018457912469677096,5,online
1213,1194,0.019389785247429403,5,online
1214,1195,0.020450805666298533,5,online
1215,1196,0.02131889947654364,5,online
1216,1197,0.021847717173747228,5,online
1217,1198,0.02125786926584905,5,online
1218,1199,0.024288025688794956,5,online
1219,1200,0.024628119863323805,5,online
1220,1201,0.02285557175026076,5,online
1221,1202,0.023773781954047446,5,online
1222,1203,0.02421221696085607,5,online
1223,1204,0.022907380992149284,5,online
1224,1205,0.023988149963970584,5,online
1225,1206,0.024398504024638168,5,online
1226,1207,0.02552340685377341,5,online
1227,1208,0.025554347026049862,5,online
1228,1209,0.026778925683490273,5,online
1229,1210,0.028092425352573613,5,online
1230,1211,0.029333738751631144,5,online
1231,1212,0.030018387905563326,5,online
1232,1213,0.030702122791969932,5,online
1233,1214,0.02955829561324208,5,online
1234,1215,0.03175183242827384,5,online
1235,1216,0.03227158496790761,5,online
1236,1217,0.03275548132309758,5,online
1237,1218,0.035935535483177294,5,online
1238,1219,0.027641554231006782,5,online
1239,1220,0.027945610907189833,5,online
1240,1221,0.03049376528982184,5,online
1241,1222,0.02931053873234113,5,online
1242,1223,0.029660354392459176,5,online
1243,1224,0.02934730666336771,5,online
1244,1225,0.029608899444773407,5,online
1245,1226,0.03166110470816086,5,online
1246,1227,0.022464552572751817,5,online
1247,1228,0.021186394261522024,5,online
1248,1229,0.01947510946940867,5,online
1249,1230,0.018633681442581262,5,online
1250,1231,0.01833134273074344,5,online
1251,1232,0.018550825361201895,5,online
1252,1233,0.01863320852078254,5,online
1253,1234,0.01909400206890466,5,online
1254,1235,0.01893317338759115,5,online
1255,1236,0.019096627963629098,5,online
1256,1237,0.018834092036424055,5,online
1257,1238,0.01749905329984691,5,online
1258,1239,0.018732818663486306,5,online
1259,1240,0.017873700763560985,5,online
1260,1241,0.017781712694000307,5,online
1261,1242,0.0182284363415377,5,online
1262,1243,0.018248767515066322,5,online
1263,1244,0.019886571962730026,5,online
1264,1245,0.0199831995424381,5,online
1265,1246,0.019134267169985453,5,online
1266,1247,0.025075271502239982,5,online
1267,1248,0.026282526556912655,5,online
1268,1249,0.027489076136497426,5,online
1269,1250,0.02684184816515489,5,online
1270,1251,0.027682984204861483,5,online
1271,1252,0.02682711637972024,5,online
1272,1253,0.02692407065899194,5,online
1273,1254,0.027421764572938212,5,online
1274,1255,0.026737189497005653,5,online
1275,1256,0.026210094532671313,5,online
1276,1257,0.025832440123497946,5,online
1277,1258,0.025699067262743625,5,online
1278,1259,0.025291621286333665,5,online
1279,1260,0.025517205370698126,5,online
1280,1261,0.026330103878535627,5,online
1281,1262,0.026370390553053236,5,online
1282,1263,0.026255950194221223,5,online
1283,1264,0.02402071554024887,5,online
1284,1265,0.02364508136600374,5,online
1285,1266,0.023806361216016092,5,online
1286,1267,0.023508438553825672,5,online
1287,1268,0.02258327182432107,5,online
1288,1269,0.023226221409003545,5,online
1289,1270,0.024474310177421077,5,online
1290,1271,0.024090895569856774,5,online
1291,1272,0.0257827517304261,5,online
1292,1273,0.026609017290914694,5,online
1293,1274,0.02618946906866182,5,online
1294,1275,0.024829717911166616,5,online
1295,1276,0.024743562631213467,5,online
1296,1277,0.024973982743024203,5,online
1297,1278,0.025135188087661242,5,online
1298,1279,0.025161925299573507,5,online
1299,1280,0.025444240945386998,5,online
1300,1281,0.02349622183410538,5,online
1301,1282,0.02526698657701365,5,online
1302,1283,0.024733095564072882,5,online
1303,1284,0.02567213619033193,5,online
1304,1285,0.024962370396393707,5,online
1305,1286,0.024839336450269367,5,online
1306,1287,0.02422769472012365,5,online
1307,1288,0.02473487441560851,5,online
1308,1289,0.024169231364285504,5,online
1309,1290,0.023323109061284764,5,online
1310,1291,0.022043610194329655,5,online
1311,1292,0.02186197538598711,5,online
1312,1293,0.021732162487284712,5,online
1313,1294,0.021444848583617837,5,online
1314,1295,0.023022876677494253,5,online
1315,1296,0.022481961294895103,5,online
1316,1297,0.021906657431605026,5,online
1317,1298,0.020830952846412676,5,online
1318,1299,0.019629408298522222,5,online
1319,1300,0.01906545015001071,5,online
1320,1301,0.019905313972551908,5,online
1321,1302,0.017937074779049378,5,online
1322,1303,0.018400515981466747,5,online
1323,1304,0.016362659833587645,5,online
1324,1305,0.0178664092066827,5,online
1325,1306,0.017178617937337104,5,online
1326,1307,0.01895020037284556,5,online
1327,1308,0.018755011918681896,5,online
1328,1309,0.01899996499288026,5,online
1329,1310,0.018982311575934552,5,online
1330,1311,0.020718824910469724,5,online
1331,1312,0.020239701298862767,5,online
1332,1313,0.019173753589016185,5,online
1333,1314,0.018949636028217975,5,online
1334,1315,0.018547646765328052,5,online
1335,1316,0.019341553985336213,5,online
1336,1317,0.01996238079136481,5,online
1337,1318,0.02103343991766915,5,online
1338,1319,0.021827448780911807,5,online
1339,1320,0.021972211109828055,5,online
1340,1321,0.022117243033396572,5,online
1341,1322,0.02198616095339112,5,online
1342,1323,0.021470949591100075,5,online
1343,1324,0.022783350308776096,5,online
1344,1325,0.022612249368762716,5,online
1345,1326,0.023078284785009062,5,online
1346,1327,0.02212745576308417,5,online
1347,1328,0.022417380580931567,5,online
1348,1329,0.02187934303656358,5,online
1349,1330,0.021894802346319242,5,online
1350,1331,0.021884603230709287,5,online
1351,1332,0.02123626967269643,5,online
1352,1333,0.021520815968835483,5,online
1353,1334,0.02183184642955671,5,online
1354,1335,0.02220858978878859,5,online
1355,1336,0.022559372056308757,5,online
1356,1337,0.026643688785829567,5,online
1357,1338,0.026552792489063393,5,online
1358,1339,0.02697877988949604,5,online
1359,1340,0.026983948340004282,5,online
1360,1341,0.02708454558817408,5,online
1361,1342,0.026849371668004385,5,online
1362,1343,0.02741135292612562,5,online
1363,1344,0.02704558996266415,5,online
1364,1345,0.026797292152406893,5,online
1365,1346,0.027328449625192985,5,online
1366,1347,0.030109222023952498,5,online
1367,1348,0.030668692244791962,5,online
1368,1349,0.03215060860855212,5,online
1369,1350,0.03228034907745403,5,online
1370,1351,0.030320024059208528,5,online
1371,1352,0.029798576905447516,5,online
1372,1353,0.029931080525694598,5,online
1373,1354,0.03297677697714452,5,online
1374,1355,0.03232897100286769,5,online
1375,1356,0.03179875182945524,5,online
1376,1357,0.027602430310308623,5,online
1377,1358,0.027517205429461122,5,online
1378,1359,0.027200852101147976,5,online
1379,1360,0.028637482559872307,5,online
