date_id,window_start,r2,trial
1079,1060,0.02094764707519381,frozen
1080,1061,0.021594782722381467,frozen
1081,1062,0.016124136669480094,frozen
1082,1063,0.016926544162070956,frozen
1083,1064,0.017240273066781997,frozen
1084,1065,0.018946518806567614,frozen
1085,1066,0.020466937799973772,frozen
1086,1067,0.021184542595381384,frozen
1087,1068,0.02119234026611161,frozen
1088,1069,0.021351934439082232,frozen
1089,1070,0.021485666835806883,frozen
1090,1071,0.02195827034597031,frozen
1091,1072,0.02273758047709773,frozen
1092,1073,0.02239396122356707,frozen
1093,1074,0.02200187253615682,frozen
1094,1075,0.021716081387456843,frozen
1095,1076,0.02165350465228244,frozen
1096,1077,0.022028293307701508,frozen
1097,1078,0.02252675359601497,frozen
1098,1079,0.022814811528023338,frozen
1099,1080,0.022194033272410763,frozen
1100,1081,0.021588431869088986,frozen
1101,1082,0.020942009581419452,frozen
1102,1083,0.019565881922194217,frozen
1103,1084,0.020441049596097938,frozen
1104,1085,0.022552455423915485,frozen
1105,1086,0.022449340818038177,frozen
1106,1087,0.02139334441171048,frozen
1107,1088,0.021328016536209193,frozen
1108,1089,0.020533630612618592,frozen
1109,1090,0.020098597930406248,frozen
1110,1091,0.02020781777812375,frozen
1111,1092,0.01971935028773042,frozen
1112,1093,0.020349503811891267,frozen
1113,1094,0.02126727899088232,frozen
1114,1095,0.02065092765671972,frozen
1115,1096,0.020250059054078506,frozen
1116,1097,0.020248937904792208,frozen
1117,1098,0.01963848544600022,frozen
1118,1099,0.01942158227942936,frozen
1119,1100,0.019445060600306707,frozen
1120,1101,0.01887369829505603,frozen
1121,1102,0.018875435087051917,frozen
1122,1103,0.019999711224906402,frozen
1123,1104,0.019588959354620017,frozen
1124,1105,0.017632267679044245,frozen
1125,1106,0.0175561380888829,frozen
1126,1107,0.017619509310699555,frozen
1127,1108,0.017662844952033296,frozen
1128,1109,0.017428888454726454,frozen
1129,1110,0.017765923846887022,frozen
1130,1111,0.016546876294897594,frozen
1131,1112,0.016751947100769327,frozen
1132,1113,0.01604574824870908,frozen
1133,1114,0.014940630720136738,frozen
1134,1115,0.01605488280862688,frozen
1135,1116,0.016344073407912774,frozen
1136,1117,0.015738615408589007,frozen
1137,1118,0.015639790167934597,frozen
1138,1119,0.01592816187972379,frozen
1139,1120,0.016793666348536518,frozen
1140,1121,0.017194067783734557,frozen
1141,1122,0.01713334043680248,frozen
1142,1123,0.017041714384466666,frozen
1143,1124,0.016057181651605523,frozen
1144,1125,0.016004187417032356,frozen
1145,1126,0.015772102539413302,frozen
1146,1127,0.016248991317310946,frozen
1147,1128,0.01742594813336784,frozen
1148,1129,0.01938876255743127,frozen
1149,1130,0.019530588517666425,frozen
1150,1131,0.02137895840094184,frozen
1151,1132,0.02185520750230041,frozen
1152,1133,0.022473431027362767,frozen
1153,1134,0.022845096405910148,frozen
1154,1135,0.02211653863611629,frozen
1155,1136,0.021646334370208575,frozen
1156,1137,0.022762920462128244,frozen
1157,1138,0.02381503028312204,frozen
1158,1139,0.023148700110893983,frozen
1159,1140,0.02174036092709386,frozen
1160,1141,0.02220004346510096,frozen
1161,1142,0.021923551422806442,frozen
1162,1143,0.021212293271883786,frozen
1163,1144,0.021860978046805202,frozen
1164,1145,0.021155911216104828,frozen
1165,1146,0.020977546890055487,frozen
1166,1147,0.02052710725267559,frozen
1167,1148,0.01953908133817972,frozen
1168,1149,0.0188181385603976,frozen
1169,1150,0.01846116879793136,frozen
1170,1151,0.017356147310577108,frozen
1171,1152,0.016915800245363766,frozen
1172,1153,0.015989829348105222,frozen
1173,1154,0.01671880959686345,frozen
1174,1155,0.01626155131191287,frozen
1175,1156,0.016890424283063865,frozen
1176,1157,0.01598871418200909,frozen
1177,1158,0.014694049892835293,frozen
1178,1159,0.014793520475749222,frozen
1179,1160,0.013887818806984753,frozen
1180,1161,0.013336740878148512,frozen
1181,1162,0.013861221024976889,frozen
1182,1163,0.013999844605705691,frozen
1183,1164,0.013689078143854227,frozen
1184,1165,0.013726550866546505,frozen
1185,1166,0.014807048548888702,frozen
1186,1167,0.019863818485003626,frozen
1187,1168,0.019119901646694526,frozen
1188,1169,0.018863478387980637,frozen
1189,1170,0.018866355102603705,frozen
1190,1171,0.018789189682101193,frozen
1191,1172,0.018973483830981297,frozen
1192,1173,0.019671142812611175,frozen
1193,1174,0.018774772144140806,frozen
1194,1175,0.018325256663749068,frozen
1195,1176,0.017724988374037798,frozen
1196,1177,0.01748191194465587,frozen
1197,1178,0.01854038305437289,frozen
1198,1179,0.01865547875575624,frozen
1199,1180,0.0197809230328444,frozen
1200,1181,0.021114235952136795,frozen
1201,1182,0.020415259610004677,frozen
1202,1183,0.020162186597441845,frozen
1203,1184,0.021466268539145017,frozen
1204,1185,0.021715123155080285,frozen
1205,1186,0.020857449813608597,frozen
1206,1187,0.017120240703480283,frozen
1207,1188,0.017533251712932185,frozen
1208,1189,0.017274490410331467,frozen
1209,1190,0.01720078073868092,frozen
1210,1191,0.017303429236760315,frozen
1211,1192,0.017012084660653515,frozen
1212,1193,0.01671914618094239,frozen
1213,1194,0.017854008051480186,frozen
1214,1195,0.018071211247056684,frozen
1215,1196,0.019137024793909774,frozen
1216,1197,0.019843714196400963,frozen
1217,1198,0.018792305336082893,frozen
1218,1199,0.02193055385226017,frozen
1219,1200,0.02217271353852568,frozen
1220,1201,0.02013694246829234,frozen
1221,1202,0.021625690672696152,frozen
1222,1203,0.022352506790123905,frozen
1223,1204,0.02117970799428126,frozen
1224,1205,0.021638165593978353,frozen
1225,1206,0.022211774500094483,frozen
1226,1207,0.02343223287146412,frozen
1227,1208,0.023758965176979285,frozen
1228,1209,0.024768582319130483,frozen
1229,1210,0.025956943146594247,frozen
1230,1211,0.02643561345043477,frozen
1231,1212,0.027989498849063654,frozen
1232,1213,0.029003605582118896,frozen
1233,1214,0.02814662604244056,frozen
1234,1215,0.030069893072959375,frozen
1235,1216,0.029558209014878045,frozen
1236,1217,0.03079871043719118,frozen
1237,1218,0.03390547460046445,frozen
1238,1219,0.02666640071444004,frozen
1239,1220,0.027704030740862917,frozen
1240,1221,0.03027786563000634,frozen
1241,1222,0.028995734259254058,frozen
1242,1223,0.0289714443130612,frozen
1243,1224,0.029088866337872776,frozen
1244,1225,0.028862133512533417,frozen
1245,1226,0.029671435889885522,frozen
1246,1227,0.02570717441689596,frozen
1247,1228,0.024272843431946245,frozen
1248,1229,0.022946772119695202,frozen
1249,1230,0.022178673000494142,frozen
1250,1231,0.0221651391858938,frozen
1251,1232,0.021261196228415824,frozen
1252,1233,0.020918348061593095,frozen
1253,1234,0.021184983392981138,frozen
1254,1235,0.020996294438473395,frozen
1255,1236,0.021116304848736944,frozen
1256,1237,0.02051982012455722,frozen
1257,1238,0.019567815868158145,frozen
1258,1239,0.020194612491870267,frozen
1259,1240,0.018642401933927855,frozen
1260,1241,0.01868800110649793,frozen
1261,1242,0.017821490106352367,frozen
1262,1243,0.01869955088012376,frozen
1263,1244,0.01961273736017133,frozen
1264,1245,0.019302521825608765,frozen
1265,1246,0.018933688762926892,frozen
1266,1247,0.019228141874474525,frozen
1267,1248,0.020560006199816017,frozen
1268,1249,0.021029143320568933,frozen
1269,1250,0.020833540803807282,frozen
1270,1251,0.021734442488242633,frozen
1271,1252,0.02105776466071385,frozen
1272,1253,0.021693320925501136,frozen
1273,1254,0.021791349665258086,frozen
1274,1255,0.02103660450292677,frozen
1275,1256,0.020610182881290684,frozen
1276,1257,0.020066062707583487,frozen
1277,1258,0.01978501965536117,frozen
1278,1259,0.019629618157364748,frozen
1279,1260,0.020387466183070524,frozen
1280,1261,0.02123060398912635,frozen
1281,1262,0.021889740095246246,frozen
1282,1263,0.0206223737580854,frozen
1283,1264,0.019094756881108843,frozen
1284,1265,0.01890829834025831,frozen
1285,1266,0.0189244913206974,frozen
1286,1267,0.01896182720288786,frozen
1287,1268,0.018083980987292803,frozen
1288,1269,0.018524715029462513,frozen
1289,1270,0.01897512286733194,frozen
1290,1271,0.018384032042743415,frozen
1291,1272,0.019450302266824093,frozen
1292,1273,0.018461816220846528,frozen
1293,1274,0.017426638805424277,frozen
1294,1275,0.017881643185703067,frozen
1295,1276,0.017177068282958396,frozen
1296,1277,0.017172964851910777,frozen
1297,1278,0.016994809450730397,frozen
1298,1279,0.017266196973868442,frozen
1299,1280,0.017086995204211752,frozen
1300,1281,0.013979512840858077,frozen
1301,1282,0.015937591918760763,frozen
1302,1283,0.016873853806641637,frozen
1303,1284,0.017599773893504644,frozen
1304,1285,0.01748372335595627,frozen
1305,1286,0.016915774738170297,frozen
1306,1287,0.01653530510080281,frozen
1307,1288,0.0166086121848813,frozen
1308,1289,0.016055802455668844,frozen
1309,1290,0.015503602175038766,frozen
1310,1291,0.015034261288606965,frozen
1311,1292,0.014632743891546895,frozen
1312,1293,0.015332545021112365,frozen
1313,1294,0.015422255821946673,frozen
1314,1295,0.01503377648004356,frozen
1315,1296,0.014902878824102461,frozen
1316,1297,0.01440775817243145,frozen
1317,1298,0.014621413274488293,frozen
1318,1299,0.013282249958371906,frozen
1319,1300,0.012741201275933367,frozen
1320,1301,0.014653250488867786,frozen
1321,1302,0.012452373715681753,frozen
1322,1303,0.011215528829510046,frozen
1323,1304,0.009831885509219096,frozen
1324,1305,0.010564618713745366,frozen
1325,1306,0.010395709894441496,frozen
1326,1307,0.011351106712429782,frozen
1327,1308,0.01169705167707158,frozen
1328,1309,0.011803185975178931,frozen
1329,1310,0.012070712734926436,frozen
1330,1311,0.013786506739350002,frozen
1331,1312,0.01486559158430234,frozen
1332,1313,0.014441334702814279,frozen
1333,1314,0.015001623768837846,frozen
1334,1315,0.01489732703288138,frozen
1335,1316,0.015389763865958805,frozen
1336,1317,0.01618034030130311,frozen
1337,1318,0.01621545028204119,frozen
1338,1319,0.016503283497693477,frozen
1339,1320,0.01614815443702089,frozen
1340,1321,0.01645724714663055,frozen
1341,1322,0.016660291861614884,frozen
1342,1323,0.01650396290138023,frozen
1343,1324,0.017195912545465375,frozen
1344,1325,0.017227649688494773,frozen
1345,1326,0.018158807082326645,frozen
1346,1327,0.017613670158559858,frozen
1347,1328,0.017481136204556158,frozen
1348,1329,0.017288933014913854,frozen
1349,1330,0.017056502592306844,frozen
1350,1331,0.015531564769516115,frozen
1351,1332,0.013808108200720537,frozen
1352,1333,0.013570256498506073,frozen
1353,1334,0.012856381018910512,frozen
1354,1335,0.01347108307614786,frozen
1355,1336,0.014182199502555615,frozen
1356,1337,0.017283243136600346,frozen
1357,1338,0.017679137142181056,frozen
1358,1339,0.018255338920645015,frozen
1359,1340,0.018842924418469797,frozen
1360,1341,0.01920332995060292,frozen
1361,1342,0.01927785201037957,frozen
1362,1343,0.01973602381491224,frozen
1363,1344,0.01956469312175535,frozen
1364,1345,0.01938413469905831,frozen
1365,1346,0.01872633229980525,frozen
1366,1347,0.020241249081999757,frozen
1367,1348,0.020277541656343656,frozen
1368,1349,0.020908001076609728,frozen
1369,1350,0.020512036696610614,frozen
1370,1351,0.02011503973595441,frozen
1371,1352,0.01964194852390566,frozen
1372,1353,0.019759470244986255,frozen
1373,1354,0.022890929422324513,frozen
1374,1355,0.02250242105799649,frozen
1375,1356,0.02309881860575369,frozen
1376,1357,0.01971905930198503,frozen
1377,1358,0.0197624401291836,frozen
1378,1359,0.019708505563297174,frozen
1379,1360,0.021236980925317783,frozen
1079,1060,0.02539326967845723,lr_1e-4_persistent
1080,1061,0.025632575751893927,lr_1e-4_persistent
1081,1062,0.020621801105127346,lr_1e-4_persistent
1082,1063,0.021830843591771898,lr_1e-4_persistent
1083,1064,0.0221986504499877,lr_1e-4_persistent
1084,1065,0.023550154143489932,lr_1e-4_persistent
1085,1066,0.024639052688731233,lr_1e-4_persistent
1086,1067,0.025547259905409292,lr_1e-4_persistent
1087,1068,0.02555110531443705,lr_1e-4_persistent
1088,1069,0.026243925336267515,lr_1e-4_persistent
1089,1070,0.026461411645451682,lr_1e-4_persistent
1090,1071,0.026853033567576734,lr_1e-4_persistent
1091,1072,0.027551564428316744,lr_1e-4_persistent
1092,1073,0.027548942624537776,lr_1e-4_persistent
1093,1074,0.027102363858085954,lr_1e-4_persistent
1094,1075,0.02655930458783906,lr_1e-4_persistent
1095,1076,0.02636061720350691,lr_1e-4_persistent
1096,1077,0.025832875216041162,lr_1e-4_persistent
1097,1078,0.026017201689754632,lr_1e-4_persistent
1098,1079,0.027260624937965328,lr_1e-4_persistent
1099,1080,0.02713838226823173,lr_1e-4_persistent
1100,1081,0.027191699310289086,lr_1e-4_persistent
1101,1082,0.02685245874137665,lr_1e-4_persistent
1102,1083,0.025312196212647464,lr_1e-4_persistent
1103,1084,0.025991622289847638,lr_1e-4_persistent
1104,1085,0.0279033741166701,lr_1e-4_persistent
1105,1086,0.028142954704201584,lr_1e-4_persistent
1106,1087,0.02693836032554997,lr_1e-4_persistent
1107,1088,0.02650155467550719,lr_1e-4_persistent
1108,1089,0.025610285228002128,lr_1e-4_persistent
1109,1090,0.024956329041961434,lr_1e-4_persistent
1110,1091,0.02521307449882304,lr_1e-4_persistent
1111,1092,0.025005307845928137,lr_1e-4_persistent
1112,1093,0.025810380767041674,lr_1e-4_persistent
1113,1094,0.026739754051621767,lr_1e-4_persistent
1114,1095,0.025896933828653768,lr_1e-4_persistent
1115,1096,0.02558864150935647,lr_1e-4_persistent
1116,1097,0.025728176743320397,lr_1e-4_persistent
1117,1098,0.02530809097694542,lr_1e-4_persistent
1118,1099,0.024672946888085412,lr_1e-4_persistent
1119,1100,0.024855876409209277,lr_1e-4_persistent
1120,1101,0.024040008478524055,lr_1e-4_persistent
1121,1102,0.02405000894299436,lr_1e-4_persistent
1122,1103,0.024698485141729565,lr_1e-4_persistent
1123,1104,0.02466016232897228,lr_1e-4_persistent
1124,1105,0.023484311958022475,lr_1e-4_persistent
1125,1106,0.023303923316183583,lr_1e-4_persistent
1126,1107,0.02309069368138883,lr_1e-4_persistent
1127,1108,0.023863591816876584,lr_1e-4_persistent
1128,1109,0.024018294578592836,lr_1e-4_persistent
1129,1110,0.02500318143521918,lr_1e-4_persistent
1130,1111,0.02419832353455198,lr_1e-4_persistent
1131,1112,0.02534414512869787,lr_1e-4_persistent
1132,1113,0.025597496461613134,lr_1e-4_persistent
1133,1114,0.02539182950374763,lr_1e-4_persistent
1134,1115,0.026546431726076403,lr_1e-4_persistent
1135,1116,0.02653999704949206,lr_1e-4_persistent
1136,1117,0.025772803954967505,lr_1e-4_persistent
1137,1118,0.025619252286388727,lr_1e-4_persistent
1138,1119,0.026050667582796172,lr_1e-4_persistent
1139,1120,0.027440573735056373,lr_1e-4_persistent
1140,1121,0.02846127179034752,lr_1e-4_persistent
1141,1122,0.0292361302147206,lr_1e-4_persistent
1142,1123,0.029785465350094076,lr_1e-4_persistent
1143,1124,0.029716837015899333,lr_1e-4_persistent
1144,1125,0.029535715091753345,lr_1e-4_persistent
1145,1126,0.02919393129992598,lr_1e-4_persistent
1146,1127,0.030411585423742893,lr_1e-4_persistent
1147,1128,0.03143143682957972,lr_1e-4_persistent
1148,1129,0.03306949148532401,lr_1e-4_persistent
1149,1130,0.032652014882786795,lr_1e-4_persistent
1150,1131,0.03456560928065078,lr_1e-4_persistent
1151,1132,0.03374298641521878,lr_1e-4_persistent
1152,1133,0.033383974598496624,lr_1e-4_persistent
1153,1134,0.033378740572884924,lr_1e-4_persistent
1154,1135,0.03353719692686352,lr_1e-4_persistent
1155,1136,0.03394549926671053,lr_1e-4_persistent
1156,1137,0.03553514940114344,lr_1e-4_persistent
1157,1138,0.036783931589543295,lr_1e-4_persistent
1158,1139,0.036150194854476014,lr_1e-4_persistent
1159,1140,0.03418303258901101,lr_1e-4_persistent
1160,1141,0.03513005366140598,lr_1e-4_persistent
1161,1142,0.03550764346362589,lr_1e-4_persistent
1162,1143,0.035075878719256326,lr_1e-4_persistent
1163,1144,0.03478924553734142,lr_1e-4_persistent
1164,1145,0.03429118515369878,lr_1e-4_persistent
1165,1146,0.03414240572898619,lr_1e-4_persistent
1166,1147,0.03339776626595259,lr_1e-4_persistent
1167,1148,0.03250833993438429,lr_1e-4_persistent
1168,1149,0.03176449330781683,lr_1e-4_persistent
1169,1150,0.031812243941160445,lr_1e-4_persistent
1170,1151,0.030903139167609117,lr_1e-4_persistent
1171,1152,0.03140405021873627,lr_1e-4_persistent
1172,1153,0.02993288470356381,lr_1e-4_persistent
1173,1154,0.029443090578797237,lr_1e-4_persistent
1174,1155,0.028850073435148227,lr_1e-4_persistent
1175,1156,0.029428295646339087,lr_1e-4_persistent
1176,1157,0.029012049614108193,lr_1e-4_persistent
1177,1158,0.02780483151246571,lr_1e-4_persistent
1178,1159,0.027574355463936384,lr_1e-4_persistent
1179,1160,0.02554116527830408,lr_1e-4_persistent
1180,1161,0.02405472558100874,lr_1e-4_persistent
1181,1162,0.023512273735737388,lr_1e-4_persistent
1182,1163,0.02275882893063952,lr_1e-4_persistent
1183,1164,0.02184841827859796,lr_1e-4_persistent
1184,1165,0.021007265834061428,lr_1e-4_persistent
1185,1166,0.022149413856605626,lr_1e-4_persistent
1186,1167,0.026064792382923252,lr_1e-4_persistent
1187,1168,0.02579174733131684,lr_1e-4_persistent
1188,1169,0.024988501790304873,lr_1e-4_persistent
1189,1170,0.02465821452661021,lr_1e-4_persistent
1190,1171,0.02449572567907321,lr_1e-4_persistent
1191,1172,0.023926666306301803,lr_1e-4_persistent
1192,1173,0.024702219297591865,lr_1e-4_persistent
1193,1174,0.024461136767144565,lr_1e-4_persistent
1194,1175,0.02239409901449374,lr_1e-4_persistent
1195,1176,0.0210371935815169,lr_1e-4_persistent
1196,1177,0.02059119576782409,lr_1e-4_persistent
1197,1178,0.020839033716413824,lr_1e-4_persistent
1198,1179,0.02110345004658376,lr_1e-4_persistent
1199,1180,0.022215335944610115,lr_1e-4_persistent
1200,1181,0.02324791439646956,lr_1e-4_persistent
1201,1182,0.02248299762495598,lr_1e-4_persistent
1202,1183,0.022593708052559336,lr_1e-4_persistent
1203,1184,0.024220119599566603,lr_1e-4_persistent
1204,1185,0.024028428396689838,lr_1e-4_persistent
1205,1186,0.02288105310439903,lr_1e-4_persistent
1206,1187,0.019655591400064232,lr_1e-4_persistent
1207,1188,0.019626332482180042,lr_1e-4_persistent
1208,1189,0.01950838456906101,lr_1e-4_persistent
1209,1190,0.019373736694665022,lr_1e-4_persistent
1210,1191,0.018698506316331964,lr_1e-4_persistent
1211,1192,0.018559694314807862,lr_1e-4_persistent
1212,1193,0.018457912469677096,lr_1e-4_persistent
1213,1194,0.019389785247429403,lr_1e-4_persistent
1214,1195,0.020450805666298533,lr_1e-4_persistent
1215,1196,0.02131889947654364,lr_1e-4_persistent
1216,1197,0.021847717173747228,lr_1e-4_persistent
1217,1198,0.02125786926584905,lr_1e-4_persistent
1218,1199,0.024288025688794956,lr_1e-4_persistent
1219,1200,0.024628119863323805,lr_1e-4_persistent
1220,1201,0.02285557175026076,lr_1e-4_persistent
1221,1202,0.023773781954047446,lr_1e-4_persistent
1222,1203,0.02421221696085607,lr_1e-4_persistent
1223,1204,0.022907380992149284,lr_1e-4_persistent
1224,1205,0.023988149963970584,lr_1e-4_persistent
1225,1206,0.024398504024638168,lr_1e-4_persistent
1226,1207,0.02552340685377341,lr_1e-4_persistent
1227,1208,0.025554347026049862,lr_1e-4_persistent
1228,1209,0.026778925683490273,lr_1e-4_persistent
1229,1210,0.028092425352573613,lr_1e-4_persistent
1230,1211,0.029333738751631144,lr_1e-4_persistent
1231,1212,0.030018387905563326,lr_1e-4_persistent
1232,1213,0.030702122791969932,lr_1e-4_persistent
1233,1214,0.02955829561324208,lr_1e-4_persistent
1234,1215,0.03175183242827384,lr_1e-4_persistent
1235,1216,0.03227158496790761,lr_1e-4_persistent
1236,1217,0.03275548132309758,lr_1e-4_persistent
1237,1218,0.035935535483177294,lr_1e-4_persistent
1238,1219,0.027641554231006782,lr_1e-4_persistent
1239,1220,0.027945610907189833,lr_1e-4_persistent
1240,1221,0.03049376528982184,lr_1e-4_persistent
1241,1222,0.02931053873234113,lr_1e-4_persistent
1242,1223,0.029660354392459176,lr_1e-4_persistent
1243,1224,0.02934730666336771,lr_1e-4_persistent
1244,1225,0.029608899444773407,lr_1e-4_persistent
1245,1226,0.03166110470816086,lr_1e-4_persistent
1246,1227,0.022464552572751817,lr_1e-4_persistent
1247,1228,0.021186394261522024,lr_1e-4_persistent
1248,1229,0.01947510946940867,lr_1e-4_persistent
1249,1230,0.018633681442581262,lr_1e-4_persistent
1250,1231,0.01833134273074344,lr_1e-4_persistent
1251,1232,0.018550825361201895,lr_1e-4_persistent
1252,1233,0.01863320852078254,lr_1e-4_persistent
1253,1234,0.01909400206890466,lr_1e-4_persistent
1254,1235,0.01893317338759115,lr_1e-4_persistent
1255,1236,0.019096627963629098,lr_1e-4_persistent
1256,1237,0.018834092036424055,lr_1e-4_persistent
1257,1238,0.01749905329984691,lr_1e-4_persistent
1258,1239,0.018732818663486306,lr_1e-4_persistent
1259,1240,0.017873700763560985,lr_1e-4_persistent
1260,1241,0.017781712694000307,lr_1e-4_persistent
1261,1242,0.0182284363415377,lr_1e-4_persistent
1262,1243,0.018248767515066322,lr_1e-4_persistent
1263,1244,0.019886571962730026,lr_1e-4_persistent
1264,1245,0.0199831995424381,lr_1e-4_persistent
1265,1246,0.019134267169985453,lr_1e-4_persistent
1266,1247,0.025075271502239982,lr_1e-4_persistent
1267,1248,0.026282526556912655,lr_1e-4_persistent
1268,1249,0.027489076136497426,lr_1e-4_persistent
1269,1250,0.02684184816515489,lr_1e-4_persistent
1270,1251,0.027682984204861483,lr_1e-4_persistent
1271,1252,0.02682711637972024,lr_1e-4_persistent
1272,1253,0.02692407065899194,lr_1e-4_persistent
1273,1254,0.027421764572938212,lr_1e-4_persistent
1274,1255,0.026737189497005653,lr_1e-4_persistent
1275,1256,0.026210094532671313,lr_1e-4_persistent
1276,1257,0.025832440123497946,lr_1e-4_persistent
1277,1258,0.025699067262743625,lr_1e-4_persistent
1278,1259,0.025291621286333665,lr_1e-4_persistent
1279,1260,0.025517205370698126,lr_1e-4_persistent
1280,1261,0.026330103878535627,lr_1e-4_persistent
1281,1262,0.026370390553053236,lr_1e-4_persistent
1282,1263,0.026255950194221223,lr_1e-4_persistent
1283,1264,0.02402071554024887,lr_1e-4_persistent
1284,1265,0.02364508136600374,lr_1e-4_persistent
1285,1266,0.023806361216016092,lr_1e-4_persistent
1286,1267,0.023508438553825672,lr_1e-4_persistent
1287,1268,0.02258327182432107,lr_1e-4_persistent
1288,1269,0.023226221409003545,lr_1e-4_persistent
1289,1270,0.024474310177421077,lr_1e-4_persistent
1290,1271,0.024090895569856774,lr_1e-4_persistent
1291,1272,0.0257827517304261,lr_1e-4_persistent
1292,1273,0.026609017290914694,lr_1e-4_persistent
1293,1274,0.02618946906866182,lr_1e-4_persistent
1294,1275,0.024829717911166616,lr_1e-4_persistent
1295,1276,0.024743562631213467,lr_1e-4_persistent
1296,1277,0.024973982743024203,lr_1e-4_persistent
1297,1278,0.025135188087661242,lr_1e-4_persistent
1298,1279,0.025161925299573507,lr_1e-4_persistent
1299,1280,0.025444240945386998,lr_1e-4_persistent
1300,1281,0.02349622183410538,lr_1e-4_persistent
1301,1282,0.02526698657701365,lr_1e-4_persistent
1302,1283,0.024733095564072882,lr_1e-4_persistent
1303,1284,0.02567213619033193,lr_1e-4_persistent
1304,1285,0.024962370396393707,lr_1e-4_persistent
1305,1286,0.024839336450269367,lr_1e-4_persistent
1306,1287,0.02422769472012365,lr_1e-4_persistent
1307,1288,0.02473487441560851,lr_1e-4_persistent
1308,1289,0.024169231364285504,lr_1e-4_persistent
1309,1290,0.023323109061284764,lr_1e-4_persistent
1310,1291,0.022043610194329655,lr_1e-4_persistent
1311,1292,0.02186197538598711,lr_1e-4_persistent
1312,1293,0.021732162487284712,lr_1e-4_persistent
1313,1294,0.021444848583617837,lr_1e-4_persistent
1314,1295,0.023022876677494253,lr_1e-4_persistent
1315,1296,0.022481961294895103,lr_1e-4_persistent
1316,1297,0.021906657431605026,lr_1e-4_persistent
1317,1298,0.020830952846412676,lr_1e-4_persistent
1318,1299,0.019629408298522222,lr_1e-4_persistent
1319,1300,0.01906545015001071,lr_1e-4_persistent
1320,1301,0.019905313972551908,lr_1e-4_persistent
1321,1302,0.017937074779049378,lr_1e-4_persistent
1322,1303,0.018400515981466747,lr_1e-4_persistent
1323,1304,0.016362659833587645,lr_1e-4_persistent
1324,1305,0.0178664092066827,lr_1e-4_persistent
1325,1306,0.017178617937337104,lr_1e-4_persistent
1326,1307,0.01895020037284556,lr_1e-4_persistent
1327,1308,0.018755011918681896,lr_1e-4_persistent
1328,1309,0.01899996499288026,lr_1e-4_persistent
1329,1310,0.018982311575934552,lr_1e-4_persistent
1330,1311,0.020718824910469724,lr_1e-4_persistent
1331,1312,0.020239701298862767,lr_1e-4_persistent
1332,1313,0.019173753589016185,lr_1e-4_persistent
1333,1314,0.018949636028217975,lr_1e-4_persistent
1334,1315,0.018547646765328052,lr_1e-4_persistent
1335,1316,0.019341553985336213,lr_1e-4_persistent
1336,1317,0.01996238079136481,lr_1e-4_persistent
1337,1318,0.02103343991766915,lr_1e-4_persistent
1338,1319,0.021827448780911807,lr_1e-4_persistent
1339,1320,0.021972211109828055,lr_1e-4_persistent
1340,1321,0.022117243033396572,lr_1e-4_persistent
1341,1322,0.02198616095339112,lr_1e-4_persistent
1342,1323,0.021470949591100075,lr_1e-4_persistent
1343,1324,0.022783350308776096,lr_1e-4_persistent
1344,1325,0.022612249368762716,lr_1e-4_persistent
1345,1326,0.023078284785009062,lr_1e-4_persistent
1346,1327,0.02212745576308417,lr_1e-4_persistent
1347,1328,0.022417380580931567,lr_1e-4_persistent
1348,1329,0.02187934303656358,lr_1e-4_persistent
1349,1330,0.021894802346319242,lr_1e-4_persistent
1350,1331,0.021884603230709287,lr_1e-4_persistent
1351,1332,0.02123626967269643,lr_1e-4_persistent
1352,1333,0.021520815968835483,lr_1e-4_persistent
1353,1334,0.02183184642955671,lr_1e-4_persistent
1354,1335,0.02220858978878859,lr_1e-4_persistent
1355,1336,0.022559372056308757,lr_1e-4_persistent
1356,1337,0.026643688785829567,lr_1e-4_persistent
1357,1338,0.026552792489063393,lr_1e-4_persistent
1358,1339,0.02697877988949604,lr_1e-4_persistent
1359,1340,0.026983948340004282,lr_1e-4_persistent
1360,1341,0.02708454558817408,lr_1e-4_persistent
1361,1342,0.026849371668004385,lr_1e-4_persistent
1362,1343,0.02741135292612562,lr_1e-4_persistent
1363,1344,0.02704558996266415,lr_1e-4_persistent
1364,1345,0.026797292152406893,lr_1e-4_persistent
1365,1346,0.027328449625192985,lr_1e-4_persistent
1366,1347,0.030109222023952498,lr_1e-4_persistent
1367,1348,0.030668692244791962,lr_1e-4_persistent
1368,1349,0.03215060860855212,lr_1e-4_persistent
1369,1350,0.03228034907745403,lr_1e-4_persistent
1370,1351,0.030320024059208528,lr_1e-4_persistent
1371,1352,0.029798576905447516,lr_1e-4_persistent
1372,1353,0.029931080525694598,lr_1e-4_persistent
1373,1354,0.03297677697714452,lr_1e-4_persistent
1374,1355,0.03232897100286769,lr_1e-4_persistent
1375,1356,0.03179875182945524,lr_1e-4_persistent
1376,1357,0.027602430310308623,lr_1e-4_persistent
1377,1358,0.027517205429461122,lr_1e-4_persistent
1378,1359,0.027200852101147976,lr_1e-4_persistent
1379,1360,0.028637482559872307,lr_1e-4_persistent
1079,1060,0.022110055277391072,lr_1e-5_persistent
1080,1061,0.02270901656777702,lr_1e-5_persistent
1081,1062,0.017335545898069515,lr_1e-5_persistent
1082,1063,0.01832849237746159,lr_1e-5_persistent
1083,1064,0.018533137353488827,lr_1e-5_persistent
1084,1065,0.020243407629462862,lr_1e-5_persistent
1085,1066,0.02168247123238387,lr_1e-5_persistent
1086,1067,0.022438354649526593,lr_1e-5_persistent
1087,1068,0.022509137080402697,lr_1e-5_persistent
1088,1069,0.022790210218962104,lr_1e-5_persistent
1089,1070,0.022933513280894546,lr_1e-5_persistent
1090,1071,0.023359582600225304,lr_1e-5_persistent
1091,1072,0.0241644091357176,lr_1e-5_persistent
1092,1073,0.024041752162405783,lr_1e-5_persistent
1093,1074,0.023689479383826928,lr_1e-5_persistent
1094,1075,0.02329794745727698,lr_1e-5_persistent
1095,1076,0.023292231113950845,lr_1e-5_persistent
1096,1077,0.02349222488217817,lr_1e-5_persistent
1097,1078,0.02385413667664571,lr_1e-5_persistent
1098,1079,0.024347630346505,lr_1e-5_persistent
1099,1080,0.02404697345903639,lr_1e-5_persistent
1100,1081,0.023696306860867655,lr_1e-5_persistent
1101,1082,0.02339496434117183,lr_1e-5_persistent
1102,1083,0.022112086765203487,lr_1e-5_persistent
1103,1084,0.02315499970181112,lr_1e-5_persistent
1104,1085,0.025030480458451687,lr_1e-5_persistent
1105,1086,0.02506805550764013,lr_1e-5_persistent
1106,1087,0.02393886469539186,lr_1e-5_persistent
1107,1088,0.023805742406212693,lr_1e-5_persistent
1108,1089,0.023125296744415325,lr_1e-5_persistent
1109,1090,0.022657106922694736,lr_1e-5_persistent
1110,1091,0.02289765608819716,lr_1e-5_persistent
1111,1092,0.022486520883847727,lr_1e-5_persistent
1112,1093,0.023024912866211777,lr_1e-5_persistent
1113,1094,0.023790277903783186,lr_1e-5_persistent
1114,1095,0.023159280422013095,lr_1e-5_persistent
1115,1096,0.022773929748463262,lr_1e-5_persistent
1116,1097,0.022984984145898668,lr_1e-5_persistent
1117,1098,0.02258870834882243,lr_1e-5_persistent
1118,1099,0.02225523994792511,lr_1e-5_persistent
1119,1100,0.02229950333865327,lr_1e-5_persistent
1120,1101,0.02154010437656706,lr_1e-5_persistent
1121,1102,0.02142802503738428,lr_1e-5_persistent
1122,1103,0.022415642743656594,lr_1e-5_persistent
1123,1104,0.022089035320683736,lr_1e-5_persistent
1124,1105,0.020513358685098515,lr_1e-5_persistent
1125,1106,0.02033453922593431,lr_1e-5_persistent
1126,1107,0.020350882318796004,lr_1e-5_persistent
1127,1108,0.02058488852087126,lr_1e-5_persistent
1128,1109,0.02042373292644195,lr_1e-5_persistent
1129,1110,0.02081741889178046,lr_1e-5_persistent
1130,1111,0.01968880794842076,lr_1e-5_persistent
1131,1112,0.020074276408281966,lr_1e-5_persistent
1132,1113,0.019722097797790217,lr_1e-5_persistent
1133,1114,0.019064870630811304,lr_1e-5_persistent
1134,1115,0.02019575487402203,lr_1e-5_persistent
1135,1116,0.020528025705339403,lr_1e-5_persistent
1136,1117,0.019786159060102393,lr_1e-5_persistent
1137,1118,0.019641258638274373,lr_1e-5_persistent
1138,1119,0.019977999454157125,lr_1e-5_persistent
1139,1120,0.02096020316826197,lr_1e-5_persistent
1140,1121,0.02156644929960083,lr_1e-5_persistent
1141,1122,0.02167418042244096,lr_1e-5_persistent
1142,1123,0.021662337766484185,lr_1e-5_persistent
1143,1124,0.02100858782441517,lr_1e-5_persistent
1144,1125,0.020895522021788793,lr_1e-5_persistent
1145,1126,0.02080844856680597,lr_1e-5_persistent
1146,1127,0.021552093765225044,lr_1e-5_persistent
1147,1128,0.0223958995680541,lr_1e-5_persistent
1148,1129,0.023772067897421034,lr_1e-5_persistent
1149,1130,0.023901394092579298,lr_1e-5_persistent
1150,1131,0.025493327130700072,lr_1e-5_persistent
1151,1132,0.025666230322122452,lr_1e-5_persistent
1152,1133,0.026060571968752,lr_1e-5_persistent
1153,1134,0.0262847942634179,lr_1e-5_persistent
1154,1135,0.025798057922170048,lr_1e-5_persistent
1155,1136,0.02545419915369218,lr_1e-5_persistent
1156,1137,0.026539722143358424,lr_1e-5_persistent
1157,1138,0.027692503415013725,lr_1e-5_persistent
1158,1139,0.0270829265095327,lr_1e-5_persistent
1159,1140,0.02579756879987094,lr_1e-5_persistent
1160,1141,0.026337108094008355,lr_1e-5_persistent
1161,1142,0.02636145437762849,lr_1e-5_persistent
1162,1143,0.025834924493350342,lr_1e-5_persistent
1163,1144,0.026229932281555346,lr_1e-5_persistent
1164,1145,0.0255827504075955,lr_1e-5_persistent
1165,1146,0.0253870338448533,lr_1e-5_persistent
1166,1147,0.024972570445906284,lr_1e-5_persistent
1167,1148,0.02427130940875455,lr_1e-5_persistent
1168,1149,0.02399987285905336,lr_1e-5_persistent
1169,1150,0.023761209334664968,lr_1e-5_persistent
1170,1151,0.022959242323031148,lr_1e-5_persistent
1171,1152,0.022812748379893,lr_1e-5_persistent
1172,1153,0.02190153216067381,lr_1e-5_persistent
1173,1154,0.022147734660736274,lr_1e-5_persistent
1174,1155,0.02190139436645444,lr_1e-5_persistent
1175,1156,0.0225293892475098,lr_1e-5_persistent
1176,1157,0.0218690079682885,lr_1e-5_persistent
1177,1158,0.020781302757323594,lr_1e-5_persistent
1178,1159,0.020936629168655463,lr_1e-5_persistent
1179,1160,0.019728276714721438,lr_1e-5_persistent
1180,1161,0.019027143835056326,lr_1e-5_persistent
1181,1162,0.019233274986280136,lr_1e-5_persistent
1182,1163,0.019089636223540207,lr_1e-5_persistent
1183,1164,0.01868558329298997,lr_1e-5_persistent
1184,1165,0.01857593476383157,lr_1e-5_persistent
1185,1166,0.01952679456473605,lr_1e-5_persistent
1186,1167,0.023830222241025267,lr_1e-5_persistent
1187,1168,0.02333251845015194,lr_1e-5_persistent
1188,1169,0.02280953804230801,lr_1e-5_persistent
1189,1170,0.022781571682326418,lr_1e-5_persistent
1190,1171,0.02263576561083136,lr_1e-5_persistent
1191,1172,0.022685776697784377,lr_1e-5_persistent
1192,1173,0.023185850296598365,lr_1e-5_persistent
1193,1174,0.02257733553466279,lr_1e-5_persistent
1194,1175,0.02134440334329457,lr_1e-5_persistent
1195,1176,0.020669898054101243,lr_1e-5_persistent
1196,1177,0.02038611773983079,lr_1e-5_persistent
1197,1178,0.020856641290996514,lr_1e-5_persistent
1198,1179,0.020815272224653847,lr_1e-5_persistent
1199,1180,0.021758229837039678,lr_1e-5_persistent
1200,1181,0.02267416542112799,lr_1e-5_persistent
1201,1182,0.022010119347231627,lr_1e-5_persistent
1202,1183,0.021730813312526354,lr_1e-5_persistent
1203,1184,0.022929526862536243,lr_1e-5_persistent
1204,1185,0.022832538548742454,lr_1e-5_persistent
1205,1186,0.02194212557696773,lr_1e-5_persistent
1206,1187,0.01866809318629803,lr_1e-5_persistent
1207,1188,0.01883961281500368,lr_1e-5_persistent
1208,1189,0.018567505693511066,lr_1e-5_persistent
1209,1190,0.0184275621289538,lr_1e-5_persistent
1210,1191,0.0181601756233003,lr_1e-5_persistent
1211,1192,0.017772090200702473,lr_1e-5_persistent
1212,1193,0.017501509278706306,lr_1e-5_persistent
1213,1194,0.018447578936266362,lr_1e-5_persistent
1214,1195,0.018881508581376827,lr_1e-5_persistent
1215,1196,0.019407117309996003,lr_1e-5_persistent
1216,1197,0.01992313201979634,lr_1e-5_persistent
1217,1198,0.01925507942577953,lr_1e-5_persistent
1218,1199,0.022268832444068076,lr_1e-5_persistent
1219,1200,0.022566935804335775,lr_1e-5_persistent
1220,1201,0.021135526289805306,lr_1e-5_persistent
1221,1202,0.02233095262397944,lr_1e-5_persistent
1222,1203,0.023087239937904958,lr_1e-5_persistent
1223,1204,0.021940189714838132,lr_1e-5_persistent
1224,1205,0.02272030567391592,lr_1e-5_persistent
1225,1206,0.023103989477651243,lr_1e-5_persistent
1226,1207,0.023947644103733623,lr_1e-5_persistent
1227,1208,0.024063613506026926,lr_1e-5_persistent
1228,1209,0.02522579966100924,lr_1e-5_persistent
1229,1210,0.026240152718473464,lr_1e-5_persistent
1230,1211,0.027008568109015973,lr_1e-5_persistent
1231,1212,0.028153420900133397,lr_1e-5_persistent
1232,1213,0.029152150650284425,lr_1e-5_persistent
1233,1214,0.028352766374540872,lr_1e-5_persistent
1234,1215,0.030500049170022914,lr_1e-5_persistent
1235,1216,0.030968917575289856,lr_1e-5_persistent
1236,1217,0.032227385851296586,lr_1e-5_persistent
1237,1218,0.03514075614116474,lr_1e-5_persistent
1238,1219,0.028189010737286746,lr_1e-5_persistent
1239,1220,0.028876926716989604,lr_1e-5_persistent
1240,1221,0.03068468464857599,lr_1e-5_persistent
1241,1222,0.029417923740696295,lr_1e-5_persistent
1242,1223,0.029410838231336944,lr_1e-5_persistent
1243,1224,0.029290448016268678,lr_1e-5_persistent
1244,1225,0.02951003448315559,lr_1e-5_persistent
1245,1226,0.03097559807762218,lr_1e-5_persistent
1246,1227,0.023973497293671375,lr_1e-5_persistent
1247,1228,0.023049770536800684,lr_1e-5_persistent
1248,1229,0.021474564102427096,lr_1e-5_persistent
1249,1230,0.020988145495540844,lr_1e-5_persistent
1250,1231,0.021027522798478526,lr_1e-5_persistent
1251,1232,0.020694096476985058,lr_1e-5_persistent
1252,1233,0.02049848568781698,lr_1e-5_persistent
1253,1234,0.02073215042090093,lr_1e-5_persistent
1254,1235,0.020646594414654107,lr_1e-5_persistent
1255,1236,0.020754753657317715,lr_1e-5_persistent
1256,1237,0.020222957056026947,lr_1e-5_persistent
1257,1238,0.01905680887213279,lr_1e-5_persistent
1258,1239,0.019809897469822646,lr_1e-5_persistent
1259,1240,0.018590319092646523,lr_1e-5_persistent
1260,1241,0.018638280429684073,lr_1e-5_persistent
1261,1242,0.018843818123011613,lr_1e-5_persistent
1262,1243,0.019403637769129567,lr_1e-5_persistent
1263,1244,0.0207885468196064,lr_1e-5_persistent
1264,1245,0.020583495532165208,lr_1e-5_persistent
1265,1246,0.020102436335407425,lr_1e-5_persistent
1266,1247,0.024103120879491402,lr_1e-5_persistent
1267,1248,0.02534786096742747,lr_1e-5_persistent
1268,1249,0.026156759010025676,lr_1e-5_persistent
1269,1250,0.025329308046978194,lr_1e-5_persistent
1270,1251,0.025980943358816844,lr_1e-5_persistent
1271,1252,0.025059168067291582,lr_1e-5_persistent
1272,1253,0.025245661123513674,lr_1e-5_persistent
1273,1254,0.02561411629773458,lr_1e-5_persistent
1274,1255,0.024747924390028375,lr_1e-5_persistent
1275,1256,0.024135564900520934,lr_1e-5_persistent
1276,1257,0.023712002296887302,lr_1e-5_persistent
1277,1258,0.023478738328624127,lr_1e-5_persistent
1278,1259,0.023253960879196067,lr_1e-5_persistent
1279,1260,0.023755769927130577,lr_1e-5_persistent
1280,1261,0.024627338680252575,lr_1e-5_persistent
1281,1262,0.024475452031737288,lr_1e-5_persistent
1282,1263,0.02381015859245672,lr_1e-5_persistent
1283,1264,0.021951712705944093,lr_1e-5_persistent
1284,1265,0.021449115929674467,lr_1e-5_persistent
1285,1266,0.021311745880247646,lr_1e-5_persistent
1286,1267,0.021189976533999233,lr_1e-5_persistent
1287,1268,0.020403549522611253,lr_1e-5_persistent
1288,1269,0.021059373414577864,lr_1e-5_persistent
1289,1270,0.021860858382245718,lr_1e-5_persistent
1290,1271,0.021555951033044862,lr_1e-5_persistent
1291,1272,0.02313427522727629,lr_1e-5_persistent
1292,1273,0.022402974908817486,lr_1e-5_persistent
1293,1274,0.02141155677233597,lr_1e-5_persistent
1294,1275,0.02156930676749269,lr_1e-5_persistent
1295,1276,0.021094508673820123,lr_1e-5_persistent
1296,1277,0.021185990506331187,lr_1e-5_persistent
1297,1278,0.0213776316899561,lr_1e-5_persistent
1298,1279,0.02157890035567822,lr_1e-5_persistent
1299,1280,0.021655439275033883,lr_1e-5_persistent
1300,1281,0.01915390016734342,lr_1e-5_persistent
1301,1282,0.02099307618726154,lr_1e-5_persistent
1302,1283,0.021234056213366492,lr_1e-5_persistent
1303,1284,0.022042114577481176,lr_1e-5_persistent
1304,1285,0.02179389448928626,lr_1e-5_persistent
1305,1286,0.021599152579958147,lr_1e-5_persistent
1306,1287,0.021098325025929343,lr_1e-5_persistent
1307,1288,0.021084899668337598,lr_1e-5_persistent
1308,1289,0.020546629497363633,lr_1e-5_persistent
1309,1290,0.019773667309001652,lr_1e-5_persistent
1310,1291,0.018745690348990984,lr_1e-5_persistent
1311,1292,0.01808342413993891,lr_1e-5_persistent
1312,1293,0.018723023626846302,lr_1e-5_persistent
1313,1294,0.018724196473850485,lr_1e-5_persistent
1314,1295,0.01868646620659009,lr_1e-5_persistent
1315,1296,0.01823820187577896,lr_1e-5_persistent
1316,1297,0.01761009374519773,lr_1e-5_persistent
1317,1298,0.01738658597719822,lr_1e-5_persistent
1318,1299,0.01606344148524219,lr_1e-5_persistent
1319,1300,0.015376966643994017,lr_1e-5_persistent
1320,1301,0.016597634085713797,lr_1e-5_persistent
1321,1302,0.014573211648282292,lr_1e-5_persistent
1322,1303,0.0139602760625962,lr_1e-5_persistent
1323,1304,0.012072582778547836,lr_1e-5_persistent
1324,1305,0.01287315865605354,lr_1e-5_persistent
1325,1306,0.012537653059920606,lr_1e-5_persistent
1326,1307,0.013781531590935425,lr_1e-5_persistent
1327,1308,0.013924121750296115,lr_1e-5_persistent
1328,1309,0.013937064533505628,lr_1e-5_persistent
1329,1310,0.014154701876263776,lr_1e-5_persistent
1330,1311,0.015893676767661513,lr_1e-5_persistent
1331,1312,0.016553731665950755,lr_1e-5_persistent
1332,1313,0.016444076600902968,lr_1e-5_persistent
1333,1314,0.016522254252993918,lr_1e-5_persistent
1334,1315,0.0164451989014609,lr_1e-5_persistent
1335,1316,0.017227036504451343,lr_1e-5_persistent
1336,1317,0.018018722135934584,lr_1e-5_persistent
1337,1318,0.01826490068775022,lr_1e-5_persistent
1338,1319,0.01887387336727031,lr_1e-5_persistent
1339,1320,0.0189306634964288,lr_1e-5_persistent
1340,1321,0.01918540665326307,lr_1e-5_persistent
1341,1322,0.019366649959091653,lr_1e-5_persistent
1342,1323,0.01914490997586893,lr_1e-5_persistent
1343,1324,0.020273005713195458,lr_1e-5_persistent
1344,1325,0.020399487614905287,lr_1e-5_persistent
1345,1326,0.020885364402504547,lr_1e-5_persistent
1346,1327,0.020243560325067578,lr_1e-5_persistent
1347,1328,0.02015449061526753,lr_1e-5_persistent
1348,1329,0.01983765016071226,lr_1e-5_persistent
1349,1330,0.0199766896202197,lr_1e-5_persistent
1350,1331,0.019239388582039996,lr_1e-5_persistent
1351,1332,0.0182069681327246,lr_1e-5_persistent
1352,1333,0.017676397855181047,lr_1e-5_persistent
1353,1334,0.017688840803405714,lr_1e-5_persistent
1354,1335,0.01825731470218761,lr_1e-5_persistent
1355,1336,0.018936057360589453,lr_1e-5_persistent
1356,1337,0.022391499483300215,lr_1e-5_persistent
1357,1338,0.022531805366729607,lr_1e-5_persistent
1358,1339,0.022879783410543864,lr_1e-5_persistent
1359,1340,0.023020182434045466,lr_1e-5_persistent
1360,1341,0.023394696085959676,lr_1e-5_persistent
1361,1342,0.02323126510014273,lr_1e-5_persistent
1362,1343,0.023823193429210687,lr_1e-5_persistent
1363,1344,0.023623592779059344,lr_1e-5_persistent
1364,1345,0.023513332889041227,lr_1e-5_persistent
1365,1346,0.023418984034499157,lr_1e-5_persistent
1366,1347,0.025359648110738986,lr_1e-5_persistent
1367,1348,0.02541928366913415,lr_1e-5_persistent
1368,1349,0.02634396212587231,lr_1e-5_persistent
1369,1350,0.026341478507651894,lr_1e-5_persistent
1370,1351,0.025483208324705853,lr_1e-5_persistent
1371,1352,0.024921189018690115,lr_1e-5_persistent
1372,1353,0.025244137691618707,lr_1e-5_persistent
1373,1354,0.028296557315670268,lr_1e-5_persistent
1374,1355,0.028074670090932896,lr_1e-5_persistent
1375,1356,0.02824148481155009,lr_1e-5_persistent
1376,1357,0.024796564168764856,lr_1e-5_persistent
1377,1358,0.024926864373929325,lr_1e-5_persistent
1378,1359,0.024757722855412667,lr_1e-5_persistent
1379,1360,0.026043095046316744,lr_1e-5_persistent
1079,1060,0.02334102807404137,lr_3e-5_persistent
1080,1061,0.02384507492074517,lr_3e-5_persistent
1081,1062,0.01858035535028313,lr_3e-5_persistent
1082,1063,0.01973818625016277,lr_3e-5_persistent
1083,1064,0.01988385010939764,lr_3e-5_persistent
1084,1065,0.02149818614170007,lr_3e-5_persistent
1085,1066,0.022818083203595574,lr_3e-5_persistent
1086,1067,0.023604988573926344,lr_3e-5_persistent
1087,1068,0.02366364363565221,lr_3e-5_persistent
1088,1069,0.02406481855754894,lr_3e-5_persistent
1089,1070,0.024216420661400506,lr_3e-5_persistent
1090,1071,0.02461916403223119,lr_3e-5_persistent
1091,1072,0.025448635784688145,lr_3e-5_persistent
1092,1073,0.02546104553018358,lr_3e-5_persistent
1093,1074,0.0251056854303755,lr_3e-5_persistent
1094,1075,0.024704810870151084,lr_3e-5_persistent
1095,1076,0.024675076652219574,lr_3e-5_persistent
1096,1077,0.02465447365975848,lr_3e-5_persistent
1097,1078,0.025013408522037817,lr_3e-5_persistent
1098,1079,0.025759219998503502,lr_3e-5_persistent
1099,1080,0.02556869651433602,lr_3e-5_persistent
1100,1081,0.02540021855563135,lr_3e-5_persistent
1101,1082,0.025147716489612337,lr_3e-5_persistent
1102,1083,0.023755810303989988,lr_3e-5_persistent
1103,1084,0.02485754648587546,lr_3e-5_persistent
1104,1085,0.02685083277950051,lr_3e-5_persistent
1105,1086,0.026996930085919857,lr_3e-5_persistent
1106,1087,0.025853509679673037,lr_3e-5_persistent
1107,1088,0.025581181323999558,lr_3e-5_persistent
1108,1089,0.024936291785592868,lr_3e-5_persistent
1109,1090,0.024415091786463394,lr_3e-5_persistent
1110,1091,0.024713361738488593,lr_3e-5_persistent
1111,1092,0.024376626610936425,lr_3e-5_persistent
1112,1093,0.024966789852990612,lr_3e-5_persistent
1113,1094,0.02577439777703283,lr_3e-5_persistent
1114,1095,0.025093654407100097,lr_3e-5_persistent
1115,1096,0.024757431448837797,lr_3e-5_persistent
1116,1097,0.024989642865867023,lr_3e-5_persistent
1117,1098,0.024663094131086583,lr_3e-5_persistent
1118,1099,0.024230395487447876,lr_3e-5_persistent
1119,1100,0.024376632834225753,lr_3e-5_persistent
1120,1101,0.023609189343685943,lr_3e-5_persistent
1121,1102,0.023492080966319717,lr_3e-5_persistent
1122,1103,0.024346036395395343,lr_3e-5_persistent
1123,1104,0.024108180090931963,lr_3e-5_persistent
1124,1105,0.022589402894584,lr_3e-5_persistent
1125,1106,0.022370966539808967,lr_3e-5_persistent
1126,1107,0.022322410927102188,lr_3e-5_persistent
1127,1108,0.022784316248406045,lr_3e-5_persistent
1128,1109,0.022687803603452128,lr_3e-5_persistent
1129,1110,0.023272879066076446,lr_3e-5_persistent
1130,1111,0.022250544898760105,lr_3e-5_persistent
1131,1112,0.022860639283902584,lr_3e-5_persistent
1132,1113,0.022766690489685493,lr_3e-5_persistent
1133,1114,0.02229164253450122,lr_3e-5_persistent
1134,1115,0.02347729099430418,lr_3e-5_persistent
1135,1116,0.02373665633887012,lr_3e-5_persistent
1136,1117,0.022967350756294747,lr_3e-5_persistent
1137,1118,0.022718018158688014,lr_3e-5_persistent
1138,1119,0.023102148198592576,lr_3e-5_persistent
1139,1120,0.024230861900101597,lr_3e-5_persistent
1140,1121,0.02497754637252403,lr_3e-5_persistent
1141,1122,0.025322481033055566,lr_3e-5_persistent
1142,1123,0.02557163289528086,lr_3e-5_persistent
1143,1124,0.02517085342368952,lr_3e-5_persistent
1144,1125,0.025021030868896732,lr_3e-5_persistent
1145,1126,0.024952204674539624,lr_3e-5_persistent
1146,1127,0.025890931105181147,lr_3e-5_persistent
1147,1128,0.026804293468507767,lr_3e-5_persistent
1148,1129,0.028056692099975855,lr_3e-5_persistent
1149,1130,0.027963582852092328,lr_3e-5_persistent
1150,1131,0.02962999066613803,lr_3e-5_persistent
1151,1132,0.029509559370498484,lr_3e-5_persistent
1152,1133,0.029702085162273906,lr_3e-5_persistent
1153,1134,0.029907359016418833,lr_3e-5_persistent
1154,1135,0.029674490710090207,lr_3e-5_persistent
1155,1136,0.02960201854672384,lr_3e-5_persistent
1156,1137,0.03083940355739312,lr_3e-5_persistent
1157,1138,0.03222615992118327,lr_3e-5_persistent
1158,1139,0.03159442916383037,lr_3e-5_persistent
1159,1140,0.03006046965364173,lr_3e-5_persistent
1160,1141,0.030780128899737358,lr_3e-5_persistent
1161,1142,0.031100617297684208,lr_3e-5_persistent
1162,1143,0.03058999831280418,lr_3e-5_persistent
1163,1144,0.030756429262291052,lr_3e-5_persistent
1164,1145,0.03015617225556877,lr_3e-5_persistent
1165,1146,0.029929072850538363,lr_3e-5_persistent
1166,1147,0.029296533559689975,lr_3e-5_persistent
1167,1148,0.028587967151077143,lr_3e-5_persistent
1168,1149,0.028488287840791382,lr_3e-5_persistent
1169,1150,0.028467822022496203,lr_3e-5_persistent
1170,1151,0.02768853147835082,lr_3e-5_persistent
1171,1152,0.02780486315188957,lr_3e-5_persistent
1172,1153,0.026645290404564315,lr_3e-5_persistent
1173,1154,0.026504508069904786,lr_3e-5_persistent
1174,1155,0.026153911482240666,lr_3e-5_persistent
1175,1156,0.026713467073364194,lr_3e-5_persistent
1176,1157,0.026181374515407807,lr_3e-5_persistent
1177,1158,0.025045065545105105,lr_3e-5_persistent
1178,1159,0.02505350851778565,lr_3e-5_persistent
1179,1160,0.023512612975951197,lr_3e-5_persistent
1180,1161,0.022503548816326324,lr_3e-5_persistent
1181,1162,0.022369229905762733,lr_3e-5_persistent
1182,1163,0.0219802789234933,lr_3e-5_persistent
1183,1164,0.02134347834786876,lr_3e-5_persistent
1184,1165,0.020941832206019417,lr_3e-5_persistent
1185,1166,0.021961991866261354,lr_3e-5_persistent
1186,1167,0.02624626345176717,lr_3e-5_persistent
1187,1168,0.025868302143359223,lr_3e-5_persistent
1188,1169,0.02497982749047467,lr_3e-5_persistent
1189,1170,0.02487661129494001,lr_3e-5_persistent
1190,1171,0.024659613944219783,lr_3e-5_persistent
1191,1172,0.02447926470121231,lr_3e-5_persistent
1192,1173,0.025060821569813485,lr_3e-5_persistent
1193,1174,0.024662069617933158,lr_3e-5_persistent
1194,1175,0.022957143684959158,lr_3e-5_persistent
1195,1176,0.021972444456213713,lr_3e-5_persistent
1196,1177,0.021592144659206225,lr_3e-5_persistent
1197,1178,0.021826271995628588,lr_3e-5_persistent
1198,1179,0.02185065923166063,lr_3e-5_persistent
1199,1180,0.0227929915545263,lr_3e-5_persistent
1200,1181,0.02362432884229515,lr_3e-5_persistent
1201,1182,0.02290759142818055,lr_3e-5_persistent
1202,1183,0.0227322273115641,lr_3e-5_persistent
1203,1184,0.024043126369749146,lr_3e-5_persistent
1204,1185,0.023757543534703607,lr_3e-5_persistent
1205,1186,0.022696022274457883,lr_3e-5_persistent
1206,1187,0.019410269512802003,lr_3e-5_persistent
1207,1188,0.019398757511343123,lr_3e-5_persistent
1208,1189,0.01916074342328966,lr_3e-5_persistent
1209,1190,0.018936105936455117,lr_3e-5_persistent
1210,1191,0.0184660579022915,lr_3e-5_persistent
1211,1192,0.018147210578929762,lr_3e-5_persistent
1212,1193,0.01787322125808266,lr_3e-5_persistent
1213,1194,0.01878844102370958,lr_3e-5_persistent
1214,1195,0.01947433554103306,lr_3e-5_persistent
1215,1196,0.02006252215867088,lr_3e-5_persistent
1216,1197,0.020596669671756773,lr_3e-5_persistent
1217,1198,0.02012056102964177,lr_3e-5_persistent
1218,1199,0.023245020867519894,lr_3e-5_persistent
1219,1200,0.02364214625315253,lr_3e-5_persistent
1220,1201,0.02226278721252284,lr_3e-5_persistent
1221,1202,0.023350253992881265,lr_3e-5_persistent
1222,1203,0.023983057954466536,lr_3e-5_persistent
1223,1204,0.022831438411154203,lr_3e-5_persistent
1224,1205,0.023935628087059513,lr_3e-5_persistent
1225,1206,0.024366082802589006,lr_3e-5_persistent
1226,1207,0.025244105059118338,lr_3e-5_persistent
1227,1208,0.025339077595563753,lr_3e-5_persistent
1228,1209,0.02674010005173233,lr_3e-5_persistent
1229,1210,0.027845634532370767,lr_3e-5_persistent
1230,1211,0.028873992537318816,lr_3e-5_persistent
1231,1212,0.029848676687922238,lr_3e-5_persistent
1232,1213,0.030881280272759493,lr_3e-5_persistent
1233,1214,0.02990733938626644,lr_3e-5_persistent
1234,1215,0.0322004060983494,lr_3e-5_persistent
1235,1216,0.03291036225495492,lr_3e-5_persistent
1236,1217,0.03385774706950917,lr_3e-5_persistent
1237,1218,0.036790774153493744,lr_3e-5_persistent
1238,1219,0.029195183131644376,lr_3e-5_persistent
1239,1220,0.02957827040354144,lr_3e-5_persistent
1240,1221,0.031478875706361986,lr_3e-5_persistent
1241,1222,0.030204420265753096,lr_3e-5_persistent
1242,1223,0.030546249333143982,lr_3e-5_persistent
1243,1224,0.030216834102524626,lr_3e-5_persistent
1244,1225,0.030514948601960912,lr_3e-5_persistent
1245,1226,0.032393707112506664,lr_3e-5_persistent
1246,1227,0.02433820672482423,lr_3e-5_persistent
1247,1228,0.023311133193352984,lr_3e-5_persistent
1248,1229,0.021426377460916357,lr_3e-5_persistent
1249,1230,0.020988521826901585,lr_3e-5_persistent
1250,1231,0.02089174029684726,lr_3e-5_persistent
1251,1232,0.02076992846852288,lr_3e-5_persistent
1252,1233,0.020620388238142606,lr_3e-5_persistent
1253,1234,0.020907023672582792,lr_3e-5_persistent
1254,1235,0.020811565135749666,lr_3e-5_persistent
1255,1236,0.020996824538361603,lr_3e-5_persistent
1256,1237,0.020725440466256906,lr_3e-5_persistent
1257,1238,0.01935522907439713,lr_3e-5_persistent
1258,1239,0.020396577732334054,lr_3e-5_persistent
1259,1240,0.0193069783400448,lr_3e-5_persistent
1260,1241,0.01930789431294544,lr_3e-5_persistent
1261,1242,0.019575332120125855,lr_3e-5_persistent
1262,1243,0.01991576056302169,lr_3e-5_persistent
1263,1244,0.021567546205824906,lr_3e-5_persistent
1264,1245,0.021513240427981417,lr_3e-5_persistent
1265,1246,0.020841989019540375,lr_3e-5_persistent
1266,1247,0.025686219884403783,lr_3e-5_persistent
1267,1248,0.026941782329142128,lr_3e-5_persistent
1268,1249,0.028024056291345523,lr_3e-5_persistent
1269,1250,0.027015024789174502,lr_3e-5_persistent
1270,1251,0.027682377498828292,lr_3e-5_persistent
1271,1252,0.026625846328881986,lr_3e-5_persistent
1272,1253,0.026810733964872657,lr_3e-5_persistent
1273,1254,0.027355900841549263,lr_3e-5_persistent
1274,1255,0.026491933507861387,lr_3e-5_persistent
1275,1256,0.02583955151061379,lr_3e-5_persistent
1276,1257,0.0253024913122607,lr_3e-5_persistent
1277,1258,0.02506125131482595,lr_3e-5_persistent
1278,1259,0.024701270136217257,lr_3e-5_persistent
1279,1260,0.025147585424871277,lr_3e-5_persistent
1280,1261,0.026091949010695448,lr_3e-5_persistent
1281,1262,0.02593952707609881,lr_3e-5_persistent
1282,1263,0.025484538121334555,lr_3e-5_persistent
1283,1264,0.02337463435909526,lr_3e-5_persistent
1284,1265,0.022748776675778237,lr_3e-5_persistent
1285,1266,0.0226634546486274,lr_3e-5_persistent
1286,1267,0.02252138781970503,lr_3e-5_persistent
1287,1268,0.021695354270179434,lr_3e-5_persistent
1288,1269,0.022514792230787006,lr_3e-5_persistent
1289,1270,0.02354876525122862,lr_3e-5_persistent
1290,1271,0.02330588955855828,lr_3e-5_persistent
1291,1272,0.025258833914899803,lr_3e-5_persistent
1292,1273,0.02497790170410863,lr_3e-5_persistent
1293,1274,0.023963459857949565,lr_3e-5_persistent
1294,1275,0.023737842439666257,lr_3e-5_persistent
1295,1276,0.023453152965115742,lr_3e-5_persistent
1296,1277,0.02367203105511828,lr_3e-5_persistent
1297,1278,0.024022361660853142,lr_3e-5_persistent
1298,1279,0.02415296548292689,lr_3e-5_persistent
1299,1280,0.024417452714181054,lr_3e-5_persistent
1300,1281,0.021910427496919294,lr_3e-5_persistent
1301,1282,0.023736900185061693,lr_3e-5_persistent
1302,1283,0.02354706451338162,lr_3e-5_persistent
1303,1284,0.024360311795295186,lr_3e-5_persistent
1304,1285,0.02392705954569241,lr_3e-5_persistent
1305,1286,0.02379071076461481,lr_3e-5_persistent
1306,1287,0.023203485733685913,lr_3e-5_persistent
1307,1288,0.02322232217271336,lr_3e-5_persistent
1308,1289,0.02268686120467478,lr_3e-5_persistent
1309,1290,0.021826239136987002,lr_3e-5_persistent
1310,1291,0.02059150016971112,lr_3e-5_persistent
1311,1292,0.01997555026062936,lr_3e-5_persistent
1312,1293,0.020387181507867114,lr_3e-5_persistent
1313,1294,0.02053501512754141,lr_3e-5_persistent
1314,1295,0.021019454573245167,lr_3e-5_persistent
1315,1296,0.020597466453681768,lr_3e-5_persistent
1316,1297,0.019987877644020324,lr_3e-5_persistent
1317,1298,0.019330539769329635,lr_3e-5_persistent
1318,1299,0.01808978513247972,lr_3e-5_persistent
1319,1300,0.01729911627534586,lr_3e-5_persistent
1320,1301,0.018449516016033285,lr_3e-5_persistent
1321,1302,0.016510119311581195,lr_3e-5_persistent
1322,1303,0.016436393326576648,lr_3e-5_persistent
1323,1304,0.014550077690638541,lr_3e-5_persistent
1324,1305,0.01564288883741971,lr_3e-5_persistent
1325,1306,0.01506171860897565,lr_3e-5_persistent
1326,1307,0.01664353952872466,lr_3e-5_persistent
1327,1308,0.01672204723125248,lr_3e-5_persistent
1328,1309,0.016658163163773887,lr_3e-5_persistent
1329,1310,0.016818969318495247,lr_3e-5_persistent
1330,1311,0.018621728117462988,lr_3e-5_persistent
1331,1312,0.018757915833951255,lr_3e-5_persistent
1332,1313,0.018363208953895094,lr_3e-5_persistent
1333,1314,0.018201481440769496,lr_3e-5_persistent
1334,1315,0.017913656596304395,lr_3e-5_persistent
1335,1316,0.018563117812903318,lr_3e-5_persistent
1336,1317,0.01928399644870704,lr_3e-5_persistent
1337,1318,0.019817445944497747,lr_3e-5_persistent
1338,1319,0.02038891120373476,lr_3e-5_persistent
1339,1320,0.020509671257961326,lr_3e-5_persistent
1340,1321,0.020719267463458313,lr_3e-5_persistent
1341,1322,0.020760922966507445,lr_3e-5_persistent
1342,1323,0.020325628133272433,lr_3e-5_persistent
1343,1324,0.02149383326729415,lr_3e-5_persistent
1344,1325,0.021467430783072006,lr_3e-5_persistent
1345,1326,0.022008645870216337,lr_3e-5_persistent
1346,1327,0.021183832102088407,lr_3e-5_persistent
1347,1328,0.02125795957691745,lr_3e-5_persistent
1348,1329,0.020847613824878652,lr_3e-5_persistent
1349,1330,0.020972970029610294,lr_3e-5_persistent
1350,1331,0.020480896683640393,lr_3e-5_persistent
1351,1332,0.019707844518737527,lr_3e-5_persistent
1352,1333,0.01937901476187487,lr_3e-5_persistent
1353,1334,0.019528233018798913,lr_3e-5_persistent
1354,1335,0.020110356441867427,lr_3e-5_persistent
1355,1336,0.020737655894633278,lr_3e-5_persistent
1356,1337,0.02461639786234049,lr_3e-5_persistent
1357,1338,0.024657677800650202,lr_3e-5_persistent
1358,1339,0.02516490462244636,lr_3e-5_persistent
1359,1340,0.025237097334522618,lr_3e-5_persistent
1360,1341,0.025563485946786146,lr_3e-5_persistent
1361,1342,0.02529999080848533,lr_3e-5_persistent
1362,1343,0.025956098641183978,lr_3e-5_persistent
1363,1344,0.02566588771062961,lr_3e-5_persistent
1364,1345,0.025691706607909315,lr_3e-5_persistent
1365,1346,0.02582831034526245,lr_3e-5_persistent
1366,1347,0.028310223654526512,lr_3e-5_persistent
1367,1348,0.028621842768365657,lr_3e-5_persistent
1368,1349,0.029743958984070895,lr_3e-5_persistent
1369,1350,0.02987970392499628,lr_3e-5_persistent
1370,1351,0.028481942703438623,lr_3e-5_persistent
1371,1352,0.027772789563923705,lr_3e-5_persistent
1372,1353,0.027994682565197437,lr_3e-5_persistent
1373,1354,0.03132035992905946,lr_3e-5_persistent
1374,1355,0.03102841567173109,lr_3e-5_persistent
1375,1356,0.031227158637178953,lr_3e-5_persistent
1376,1357,0.02740824580040757,lr_3e-5_persistent
1377,1358,0.02743816065853233,lr_3e-5_persistent
1378,1359,0.027050368115789647,lr_3e-5_persistent
1379,1360,0.028506073967484058,lr_3e-5_persistent
1079,1060,0.02414161609723009,lr_5e-5_persistent
1080,1061,0.024570990526699754,lr_5e-5_persistent
1081,1062,0.01939226137307859,lr_5e-5_persistent
1082,1063,0.020631943848298584,lr_5e-5_persistent
1083,1064,0.02080775944474378,lr_5e-5_persistent
1084,1065,0.022327501561139385,lr_5e-5_persistent
1085,1066,0.02356847696709785,lr_5e-5_persistent
1086,1067,0.02438370706465043,lr_5e-5_persistent
1087,1068,0.02441627405066804,lr_5e-5_persistent
1088,1069,0.024910649806697105,lr_5e-5_persistent
1089,1070,0.025087658285750103,lr_5e-5_persistent
1090,1071,0.025500246674389215,lr_5e-5_persistent
1091,1072,0.026331529502043427,lr_5e-5_persistent
1092,1073,0.026387247781708756,lr_5e-5_persistent
1093,1074,0.02600316531768243,lr_5e-5_persistent
1094,1075,0.025594489851403335,lr_5e-5_persistent
1095,1076,0.025505120289963212,lr_5e-5_persistent
1096,1077,0.025313174433714725,lr_5e-5_persistent
1097,1078,0.025647272275607036,lr_5e-5_persistent
1098,1079,0.026565549293861013,lr_5e-5_persistent
1099,1080,0.02637342651166974,lr_5e-5_persistent
1100,1081,0.02627413560351577,lr_5e-5_persistent
1101,1082,0.025987673360034047,lr_5e-5_persistent
1102,1083,0.024501114549005054,lr_5e-5_persistent
1103,1084,0.02553394363667194,lr_5e-5_persistent
1104,1085,0.02758189597656857,lr_5e-5_persistent
1105,1086,0.027769908637861995,lr_5e-5_persistent
1106,1087,0.026606311547412997,lr_5e-5_persistent
1107,1088,0.02626072166394422,lr_5e-5_persistent
1108,1089,0.025585737260112373,lr_5e-5_persistent
1109,1090,0.025013138527128165,lr_5e-5_persistent
1110,1091,0.025305340047134695,lr_5e-5_persistent
1111,1092,0.025008593121689238,lr_5e-5_persistent
1112,1093,0.025664249042192333,lr_5e-5_persistent
1113,1094,0.02651321698669462,lr_5e-5_persistent
1114,1095,0.02577725855870794,lr_5e-5_persistent
1115,1096,0.02546380871976328,lr_5e-5_persistent
1116,1097,0.02568397195628014,lr_5e-5_persistent
1117,1098,0.025339486262156208,lr_5e-5_persistent
1118,1099,0.024814349196591867,lr_5e-5_persistent
1119,1100,0.02502501892918063,lr_5e-5_persistent
1120,1101,0.02426024375377367,lr_5e-5_persistent
1121,1102,0.024195470489731252,lr_5e-5_persistent
1122,1103,0.02495559081102061,lr_5e-5_persistent
1123,1104,0.024770892020244073,lr_5e-5_persistent
1124,1105,0.023307144787079292,lr_5e-5_persistent
1125,1106,0.02307589244723307,lr_5e-5_persistent
1126,1107,0.02298893900991672,lr_5e-5_persistent
1127,1108,0.023592480375682956,lr_5e-5_persistent
1128,1109,0.02356067587341104,lr_5e-5_persistent
1129,1110,0.02429258249693811,lr_5e-5_persistent
1130,1111,0.023344352757951548,lr_5e-5_persistent
1131,1112,0.024143580477928084,lr_5e-5_persistent
1132,1113,0.024211275849399527,lr_5e-5_persistent
1133,1114,0.023835924815830523,lr_5e-5_persistent
1134,1115,0.02502922199538482,lr_5e-5_persistent
1135,1116,0.025216625973564888,lr_5e-5_persistent
1136,1117,0.024428526894402114,lr_5e-5_persistent
1137,1118,0.024176907215579635,lr_5e-5_persistent
1138,1119,0.024595427857149188,lr_5e-5_persistent
1139,1120,0.025825041913895563,lr_5e-5_persistent
1140,1121,0.026669552135437424,lr_5e-5_persistent
1141,1122,0.027204204836783097,lr_5e-5_persistent
1142,1123,0.027609800811012164,lr_5e-5_persistent
1143,1124,0.027368868236823496,lr_5e-5_persistent
1144,1125,0.027216278280656647,lr_5e-5_persistent
1145,1126,0.027075456839285916,lr_5e-5_persistent
1146,1127,0.028105332496398683,lr_5e-5_persistent
1147,1128,0.029061040799136406,lr_5e-5_persistent
1148,1129,0.03036579012940499,lr_5e-5_persistent
1149,1130,0.030125522298580676,lr_5e-5_persistent
1150,1131,0.031895595050633774,lr_5e-5_persistent
1151,1132,0.03156241831610129,lr_5e-5_persistent
1152,1133,0.03156007771051561,lr_5e-5_persistent
1153,1134,0.031725214492222764,lr_5e-5_persistent
1154,1135,0.03164756244867284,lr_5e-5_persistent
1155,1136,0.031753868480602354,lr_5e-5_persistent
1156,1137,0.0331110300327212,lr_5e-5_persistent
1157,1138,0.0345214730871678,lr_5e-5_persistent
1158,1139,0.03386869948556159,lr_5e-5_persistent
1159,1140,0.03219206927645968,lr_5e-5_persistent
1160,1141,0.032998773281862404,lr_5e-5_persistent
1161,1142,0.03339410610788951,lr_5e-5_persistent
1162,1143,0.032912690142322454,lr_5e-5_persistent
1163,1144,0.032902568709124114,lr_5e-5_persistent
1164,1145,0.03234063345579841,lr_5e-5_persistent
1165,1146,0.032143127361730195,lr_5e-5_persistent
1166,1147,0.031433336515215404,lr_5e-5_persistent
1167,1148,0.030664481361076024,lr_5e-5_persistent
1168,1149,0.030428893645292665,lr_5e-5_persistent
1169,1150,0.03050083447152019,lr_5e-5_persistent
1170,1151,0.029664321165268848,lr_5e-5_persistent
1171,1152,0.02991906636245356,lr_5e-5_persistent
1172,1153,0.028609519502233782,lr_5e-5_persistent
1173,1154,0.028265766982231155,lr_5e-5_persistent
1174,1155,0.027807834074535576,lr_5e-5_persistent
1175,1156,0.028346259862483292,lr_5e-5_persistent
1176,1157,0.027889486004013975,lr_5e-5_persistent
1177,1158,0.026736328121271913,lr_5e-5_persistent
1178,1159,0.02662960981938689,lr_5e-5_persistent
1179,1160,0.024809826749677133,lr_5e-5_persistent
1180,1161,0.023644548885371264,lr_5e-5_persistent
1181,1162,0.02332620298463206,lr_5e-5_persistent
1182,1163,0.022766783790705625,lr_5e-5_persistent
1183,1164,0.02199292878459891,lr_5e-5_persistent
1184,1165,0.021369722448196682,lr_5e-5_persistent
1185,1166,0.02245992042034084,lr_5e-5_persistent
1186,1167,0.0267000900648936,lr_5e-5_persistent
1187,1168,0.026383044973630088,lr_5e-5_persistent
1188,1169,0.02544111520282677,lr_5e-5_persistent
1189,1170,0.025234637097491297,lr_5e-5_persistent
1190,1171,0.024996932963046836,lr_5e-5_persistent
1191,1172,0.02464632019735391,lr_5e-5_persistent
1192,1173,0.025304321831916554,lr_5e-5_persistent
1193,1174,0.02503206105471023,lr_5e-5_persistent
1194,1175,0.02311144808011023,lr_5e-5_persistent
1195,1176,0.02193171592040244,lr_5e-5_persistent
1196,1177,0.021515509505764974,lr_5e-5_persistent
1197,1178,0.021660956113165986,lr_5e-5_persistent
1198,1179,0.02180859572723204,lr_5e-5_persistent
1199,1180,0.02281628461237506,lr_5e-5_persistent
1200,1181,0.023659974544623652,lr_5e-5_persistent
1201,1182,0.022897901764553752,lr_5e-5_persistent
1202,1183,0.022839726408965366,lr_5e-5_persistent
1203,1184,0.02428517080642245,lr_5e-5_persistent
1204,1185,0.024006674052189036,lr_5e-5_persistent
1205,1186,0.02286363282947368,lr_5e-5_persistent
1206,1187,0.019552858934644313,lr_5e-5_persistent
1207,1188,0.019507725048457658,lr_5e-5_persistent
1208,1189,0.01933127927857403,lr_5e-5_persistent
1209,1190,0.019125843686037647,lr_5e-5_persistent
1210,1191,0.0185928181003282,lr_5e-5_persistent
1211,1192,0.018371915919255688,lr_5e-5_persistent
1212,1193,0.018141197637938755,lr_5e-5_persistent
1213,1194,0.019052848004572187,lr_5e-5_persistent
1214,1195,0.019918457299356263,lr_5e-5_persistent
1215,1196,0.020625933344905034,lr_5e-5_persistent
1216,1197,0.021174189979268565,lr_5e-5_persistent
1217,1198,0.0207786591498883,lr_5e-5_persistent
1218,1199,0.023885991016309616,lr_5e-5_persistent
1219,1200,0.02430264276236549,lr_5e-5_persistent
1220,1201,0.022827869769232567,lr_5e-5_persistent
1221,1202,0.023874471925871554,lr_5e-5_persistent
1222,1203,0.024420668747428542,lr_5e-5_persistent
1223,1204,0.023200099891476866,lr_5e-5_persistent
1224,1205,0.02437620904054394,lr_5e-5_persistent
1225,1206,0.024831308019923726,lr_5e-5_persistent
1226,1207,0.025810730641809387,lr_5e-5_persistent
1227,1208,0.02586091258688683,lr_5e-5_persistent
1228,1209,0.02724722284675507,lr_5e-5_persistent
1229,1210,0.02842250867761753,lr_5e-5_persistent
1230,1211,0.02956120287791053,lr_5e-5_persistent
1231,1212,0.030385478783658715,lr_5e-5_persistent
1232,1213,0.0313447545662654,lr_5e-5_persistent
1233,1214,0.03024981230913082,lr_5e-5_persistent
1234,1215,0.03259404326492965,lr_5e-5_persistent
1235,1216,0.03331645362096136,lr_5e-5_persistent
1236,1217,0.0340538748426682,lr_5e-5_persistent
1237,1218,0.037005696673221955,lr_5e-5_persistent
1238,1219,0.02905700971194336,lr_5e-5_persistent
1239,1220,0.029366350374730787,lr_5e-5_persistent
1240,1221,0.03149993617976399,lr_5e-5_persistent
1241,1222,0.030245101456668033,lr_5e-5_persistent
1242,1223,0.03066496243325023,lr_5e-5_persistent
1243,1224,0.030332009171951335,lr_5e-5_persistent
1244,1225,0.030605706584921677,lr_5e-5_persistent
1245,1226,0.03261931379715943,lr_5e-5_persistent
1246,1227,0.024150487751620542,lr_5e-5_persistent
1247,1228,0.02302245791254154,lr_5e-5_persistent
1248,1229,0.02116319058838889,lr_5e-5_persistent
1249,1230,0.020609756676371216,lr_5e-5_persistent
1250,1231,0.020390187233423118,lr_5e-5_persistent
1251,1232,0.020422180297707704,lr_5e-5_persistent
1252,1233,0.02031977123064621,lr_5e-5_persistent
1253,1234,0.02067476328951745,lr_5e-5_persistent
1254,1235,0.02051590660180702,lr_5e-5_persistent
1255,1236,0.02070587870496965,lr_5e-5_persistent
1256,1237,0.020455284773139182,lr_5e-5_persistent
1257,1238,0.0190484395384668,lr_5e-5_persistent
1258,1239,0.020178265089342062,lr_5e-5_persistent
1259,1240,0.019178580978404858,lr_5e-5_persistent
1260,1241,0.0191325427106962,lr_5e-5_persistent
1261,1242,0.01944695104854699,lr_5e-5_persistent
1262,1243,0.019630391631832667,lr_5e-5_persistent
1263,1244,0.021284988607895405,lr_5e-5_persistent
1264,1245,0.021299713623173178,lr_5e-5_persistent
1265,1246,0.020509494651904547,lr_5e-5_persistent
1266,1247,0.025626235690787702,lr_5e-5_persistent
1267,1248,0.02683531597262312,lr_5e-5_persistent
1268,1249,0.02793397305830525,lr_5e-5_persistent
1269,1250,0.027048219461050516,lr_5e-5_persistent
1270,1251,0.0277646183133351,lr_5e-5_persistent
1271,1252,0.026695298728818484,lr_5e-5_persistent
1272,1253,0.026884184898916308,lr_5e-5_persistent
1273,1254,0.027444701623287937,lr_5e-5_persistent
1274,1255,0.02663478281172671,lr_5e-5_persistent
1275,1256,0.02599892783515423,lr_5e-5_persistent
1276,1257,0.02548321616634841,lr_5e-5_persistent
1277,1258,0.0252446584800311,lr_5e-5_persistent
1278,1259,0.024856591599284994,lr_5e-5_persistent
1279,1260,0.025253758815696914,lr_5e-5_persistent
1280,1261,0.026168758126301928,lr_5e-5_persistent
1281,1262,0.026094743127235365,lr_5e-5_persistent
1282,1263,0.025800262670232277,lr_5e-5_persistent
1283,1264,0.02363223312649776,lr_5e-5_persistent
1284,1265,0.02309815018510475,lr_5e-5_persistent
1285,1266,0.02313514665390437,lr_5e-5_persistent
1286,1267,0.022960758761955136,lr_5e-5_persistent
1287,1268,0.022148213254258753,lr_5e-5_persistent
1288,1269,0.022959213934507505,lr_5e-5_persistent
1289,1270,0.02410063655302963,lr_5e-5_persistent
1290,1271,0.02386756731033335,lr_5e-5_persistent
1291,1272,0.02586895445088422,lr_5e-5_persistent
1292,1273,0.026109200702524316,lr_5e-5_persistent
1293,1274,0.025265629465112238,lr_5e-5_persistent
1294,1275,0.024659651169537944,lr_5e-5_persistent
1295,1276,0.02450576985569386,lr_5e-5_persistent
1296,1277,0.024767302370006794,lr_5e-5_persistent
1297,1278,0.025111270450439926,lr_5e-5_persistent
1298,1279,0.025172873607619328,lr_5e-5_persistent
1299,1280,0.025457174434284968,lr_5e-5_persistent
1300,1281,0.023078276955726285,lr_5e-5_persistent
1301,1282,0.02484130953066288,lr_5e-5_persistent
1302,1283,0.024482701056093403,lr_5e-5_persistent
1303,1284,0.02529851910649883,lr_5e-5_persistent
1304,1285,0.024741806445424563,lr_5e-5_persistent
1305,1286,0.024615818828905733,lr_5e-5_persistent
1306,1287,0.024003813541167762,lr_5e-5_persistent
1307,1288,0.024170067950959773,lr_5e-5_persistent
1308,1289,0.02363987434157977,lr_5e-5_persistent
1309,1290,0.022794159882749465,lr_5e-5_persistent
1310,1291,0.021539752672752543,lr_5e-5_persistent
1311,1292,0.021058565592887324,lr_5e-5_persistent
1312,1293,0.021187386716682632,lr_5e-5_persistent
1313,1294,0.021242510428409078,lr_5e-5_persistent
1314,1295,0.022125090289792593,lr_5e-5_persistent
1315,1296,0.021684162121852313,lr_5e-5_persistent
1316,1297,0.02110021522185257,lr_5e-5_persistent
1317,1298,0.020220225747075937,lr_5e-5_persistent
1318,1299,0.01902265891336974,lr_5e-5_persistent
1319,1300,0.01826631898644515,lr_5e-5_persistent
1320,1301,0.019345012721611043,lr_5e-5_persistent
1321,1302,0.017416449851708204,lr_5e-5_persistent
1322,1303,0.01756401619426684,lr_5e-5_persistent
1323,1304,0.015671812404550844,lr_5e-5_persistent
1324,1305,0.016926870637335556,lr_5e-5_persistent
1325,1306,0.01628743846796865,lr_5e-5_persistent
1326,1307,0.017992994001655105,lr_5e-5_persistent
1327,1308,0.01797220185238313,lr_5e-5_persistent
1328,1309,0.018000589196846883,lr_5e-5_persistent
1329,1310,0.018074394411504713,lr_5e-5_persistent
1330,1311,0.01983048613364191,lr_5e-5_persistent
1331,1312,0.019725697213254234,lr_5e-5_persistent
1332,1313,0.01905496785883698,lr_5e-5_persistent
1333,1314,0.018799084112599895,lr_5e-5_persistent
1334,1315,0.01842716655699328,lr_5e-5_persistent
1335,1316,0.019092257516886257,lr_5e-5_persistent
1336,1317,0.019764801866437254,lr_5e-5_persistent
1337,1318,0.020521477814232747,lr_5e-5_persistent
1338,1319,0.02116332080794603,lr_5e-5_persistent
1339,1320,0.021306052619823324,lr_5e-5_persistent
1340,1321,0.02151676757385823,lr_5e-5_persistent
1341,1322,0.021496038942672713,lr_5e-5_persistent
1342,1323,0.02099616997441489,lr_5e-5_persistent
1343,1324,0.02222566367144241,lr_5e-5_persistent
1344,1325,0.02210757866731916,lr_5e-5_persistent
1345,1326,0.02258036139542763,lr_5e-5_persistent
1346,1327,0.02169247129516849,lr_5e-5_persistent
1347,1328,0.021856399358913037,lr_5e-5_persistent
1348,1329,0.021349074516999522,lr_5e-5_persistent
1349,1330,0.021412551690522363,lr_5e-5_persistent
1350,1331,0.02110414750641043,lr_5e-5_persistent
1351,1332,0.020374782369999345,lr_5e-5_persistent
1352,1333,0.0202979522601896,lr_5e-5_persistent
1353,1334,0.02053561160630557,lr_5e-5_persistent
1354,1335,0.021076351014905903,lr_5e-5_persistent
1355,1336,0.021580236582188994,lr_5e-5_persistent
1356,1337,0.02559671005627695,lr_5e-5_persistent
1357,1338,0.02557294081788153,lr_5e-5_persistent
1358,1339,0.02608799874756984,lr_5e-5_persistent
1359,1340,0.026107148699076932,lr_5e-5_persistent
1360,1341,0.026329603583760353,lr_5e-5_persistent
1361,1342,0.026030311913901816,lr_5e-5_persistent
1362,1343,0.026710376340461472,lr_5e-5_persistent
1363,1344,0.026341729327451824,lr_5e-5_persistent
1364,1345,0.026349654986746684,lr_5e-5_persistent
1365,1346,0.026705102534996916,lr_5e-5_persistent
1366,1347,0.02932719430024744,lr_5e-5_persistent
1367,1348,0.0297904318813611,lr_5e-5_persistent
1368,1349,0.031072657735318643,lr_5e-5_persistent
1369,1350,0.03126047952832278,lr_5e-5_persistent
1370,1351,0.029606431668421918,lr_5e-5_persistent
1371,1352,0.028920436449966114,lr_5e-5_persistent
1372,1353,0.029076672347065458,lr_5e-5_persistent
1373,1354,0.03243584232153196,lr_5e-5_persistent
1374,1355,0.03201079466942158,lr_5e-5_persistent
1375,1356,0.03203073033048198,lr_5e-5_persistent
1376,1357,0.028025760621893436,lr_5e-5_persistent
1377,1358,0.027979969331063392,lr_5e-5_persistent
1378,1359,0.027529706182413682,lr_5e-5_persistent
1379,1360,0.029068889041347412,lr_5e-5_persistent
1079,1060,0.025786453667450693,lr_2e-4_persistent
1080,1061,0.025783018219752596,lr_2e-4_persistent
1081,1062,0.020826721888279387,lr_2e-4_persistent
1082,1063,0.021717355525931015,lr_2e-4_persistent
1083,1064,0.022522320701861887,lr_2e-4_persistent
1084,1065,0.02378443533998298,lr_2e-4_persistent
1085,1066,0.024791862249966434,lr_2e-4_persistent
1086,1067,0.025876219133193934,lr_2e-4_persistent
1087,1068,0.025836046826886228,lr_2e-4_persistent
1088,1069,0.02661293641080642,lr_2e-4_persistent
1089,1070,0.02680291663896406,lr_2e-4_persistent
1090,1071,0.02717051495401912,lr_2e-4_persistent
1091,1072,0.027598293980901856,lr_2e-4_persistent
1092,1073,0.027321494492568266,lr_2e-4_persistent
1093,1074,0.026971929236299097,lr_2e-4_persistent
1094,1075,0.026093224228889156,lr_2e-4_persistent
1095,1076,0.026157168427735633,lr_2e-4_persistent
1096,1077,0.025492264439348156,lr_2e-4_persistent
1097,1078,0.025532443073021827,lr_2e-4_persistent
1098,1079,0.027111383525833532,lr_2e-4_persistent
1099,1080,0.027151426811623858,lr_2e-4_persistent
1100,1081,0.027402882870349865,lr_2e-4_persistent
1101,1082,0.02704650248715823,lr_2e-4_persistent
1102,1083,0.025667358487316494,lr_2e-4_persistent
1103,1084,0.025662511925542253,lr_2e-4_persistent
1104,1085,0.027159367243245636,lr_2e-4_persistent
1105,1086,0.027304329470949185,lr_2e-4_persistent
1106,1087,0.026109789986376364,lr_2e-4_persistent
1107,1088,0.02557673072506106,lr_2e-4_persistent
1108,1089,0.0243758772469177,lr_2e-4_persistent
1109,1090,0.02368119591461404,lr_2e-4_persistent
1110,1091,0.023789926903256098,lr_2e-4_persistent
1111,1092,0.023671766729299937,lr_2e-4_persistent
1112,1093,0.024600734940326996,lr_2e-4_persistent
1113,1094,0.025596956139180782,lr_2e-4_persistent
1114,1095,0.024704805768641536,lr_2e-4_persistent
1115,1096,0.024248481258212773,lr_2e-4_persistent
1116,1097,0.0241212518618944,lr_2e-4_persistent
1117,1098,0.023723804798994275,lr_2e-4_persistent
1118,1099,0.022947266787579967,lr_2e-4_persistent
1119,1100,0.022825708380948884,lr_2e-4_persistent
1120,1101,0.02187918807405609,lr_2e-4_persistent
1121,1102,0.021887163914782737,lr_2e-4_persistent
1122,1103,0.022520713885323285,lr_2e-4_persistent
1123,1104,0.022632753565531405,lr_2e-4_persistent
1124,1105,0.02185510755486131,lr_2e-4_persistent
1125,1106,0.02186120217585319,lr_2e-4_persistent
1126,1107,0.021339190369919048,lr_2e-4_persistent
1127,1108,0.022188072633297584,lr_2e-4_persistent
1128,1109,0.02255201697087328,lr_2e-4_persistent
1129,1110,0.0237634874334407,lr_2e-4_persistent
1130,1111,0.023136710614984346,lr_2e-4_persistent
1131,1112,0.024585296568409243,lr_2e-4_persistent
1132,1113,0.024969330708539128,lr_2e-4_persistent
1133,1114,0.024877376169709753,lr_2e-4_persistent
1134,1115,0.02590766173153425,lr_2e-4_persistent
1135,1116,0.025721191977112645,lr_2e-4_persistent
1136,1117,0.025352413588823453,lr_2e-4_persistent
1137,1118,0.025030068110877046,lr_2e-4_persistent
1138,1119,0.025433146948054652,lr_2e-4_persistent
1139,1120,0.026966961162348313,lr_2e-4_persistent
1140,1121,0.028134840386867643,lr_2e-4_persistent
1141,1122,0.028842509603096422,lr_2e-4_persistent
1142,1123,0.029500415755353115,lr_2e-4_persistent
1143,1124,0.02953316341318868,lr_2e-4_persistent
1144,1125,0.029318119820142874,lr_2e-4_persistent
1145,1126,0.028949789915596935,lr_2e-4_persistent
1146,1127,0.03042513205091313,lr_2e-4_persistent
1147,1128,0.03159390657049643,lr_2e-4_persistent
1148,1129,0.03378633183002311,lr_2e-4_persistent
1149,1130,0.03300599316220154,lr_2e-4_persistent
1150,1131,0.034798348211937835,lr_2e-4_persistent
1151,1132,0.03372850401574867,lr_2e-4_persistent
1152,1133,0.033216003492344215,lr_2e-4_persistent
1153,1134,0.03290721884368231,lr_2e-4_persistent
1154,1135,0.0331062814003209,lr_2e-4_persistent
1155,1136,0.033898402876948674,lr_2e-4_persistent
1156,1137,0.03547310284772709,lr_2e-4_persistent
1157,1138,0.036618798039336986,lr_2e-4_persistent
1158,1139,0.03606653148829797,lr_2e-4_persistent
1159,1140,0.03399644421431125,lr_2e-4_persistent
1160,1141,0.03499570171280486,lr_2e-4_persistent
1161,1142,0.035391360247007286,lr_2e-4_persistent
1162,1143,0.034974346868340556,lr_2e-4_persistent
1163,1144,0.03453427972900325,lr_2e-4_persistent
1164,1145,0.03425207223783433,lr_2e-4_persistent
1165,1146,0.03394046609743595,lr_2e-4_persistent
1166,1147,0.033214873561994485,lr_2e-4_persistent
1167,1148,0.032253118119158874,lr_2e-4_persistent
1168,1149,0.03094260565873641,lr_2e-4_persistent
1169,1150,0.031068019056619378,lr_2e-4_persistent
1170,1151,0.030192108750984437,lr_2e-4_persistent
1171,1152,0.03072932482853552,lr_2e-4_persistent
1172,1153,0.029092009668968744,lr_2e-4_persistent
1173,1154,0.028611820402401067,lr_2e-4_persistent
1174,1155,0.028231631323167083,lr_2e-4_persistent
1175,1156,0.02882382980646714,lr_2e-4_persistent
1176,1157,0.028356284464588377,lr_2e-4_persistent
1177,1158,0.027004153445229884,lr_2e-4_persistent
1178,1159,0.02677317969895754,lr_2e-4_persistent
1179,1160,0.024768305950456315,lr_2e-4_persistent
1180,1161,0.023033119944492086,lr_2e-4_persistent
1181,1162,0.022386555153889987,lr_2e-4_persistent
1182,1163,0.021606079727021665,lr_2e-4_persistent
1183,1164,0.020684862734992482,lr_2e-4_persistent
1184,1165,0.019704650849953098,lr_2e-4_persistent
1185,1166,0.020769795172405292,lr_2e-4_persistent
1186,1167,0.024265871334441136,lr_2e-4_persistent
1187,1168,0.0238964191106541,lr_2e-4_persistent
1188,1169,0.02306961426826315,lr_2e-4_persistent
1189,1170,0.022790825471970866,lr_2e-4_persistent
1190,1171,0.022811215626009074,lr_2e-4_persistent
1191,1172,0.022076571115103638,lr_2e-4_persistent
1192,1173,0.022965558731251723,lr_2e-4_persistent
1193,1174,0.02274464936387488,lr_2e-4_persistent
1194,1175,0.020794279632345813,lr_2e-4_persistent
1195,1176,0.019073531603973515,lr_2e-4_persistent
1196,1177,0.018629933089354123,lr_2e-4_persistent
1197,1178,0.019288686818108358,lr_2e-4_persistent
1198,1179,0.019599169144478013,lr_2e-4_persistent
1199,1180,0.020691180365127626,lr_2e-4_persistent
1200,1181,0.022088143689620088,lr_2e-4_persistent
1201,1182,0.021509035531425358,lr_2e-4_persistent
1202,1183,0.021727740806814166,lr_2e-4_persistent
1203,1184,0.023429692772801047,lr_2e-4_persistent
1204,1185,0.023266982728107455,lr_2e-4_persistent
1205,1186,0.022181598374029887,lr_2e-4_persistent
1206,1187,0.019155978038111865,lr_2e-4_persistent
1207,1188,0.019230094677625043,lr_2e-4_persistent
1208,1189,0.0192340714703223,lr_2e-4_persistent
1209,1190,0.019004592191692038,lr_2e-4_persistent
1210,1191,0.01826214827235706,lr_2e-4_persistent
1211,1192,0.018145093146102687,lr_2e-4_persistent
1212,1193,0.018135271324433155,lr_2e-4_persistent
1213,1194,0.019020500694231113,lr_2e-4_persistent
1214,1195,0.019984821041078016,lr_2e-4_persistent
1215,1196,0.021181471885799774,lr_2e-4_persistent
1216,1197,0.021748017323915847,lr_2e-4_persistent
1217,1198,0.02073254495646315,lr_2e-4_persistent
1218,1199,0.023312369134540156,lr_2e-4_persistent
1219,1200,0.023617047725740803,lr_2e-4_persistent
1220,1201,0.02152137108734986,lr_2e-4_persistent
1221,1202,0.02209805497298989,lr_2e-4_persistent
1222,1203,0.022354098790055232,lr_2e-4_persistent
1223,1204,0.020954851040830724,lr_2e-4_persistent
1224,1205,0.021859549224326202,lr_2e-4_persistent
1225,1206,0.022269446204690513,lr_2e-4_persistent
1226,1207,0.02332913028147121,lr_2e-4_persistent
1227,1208,0.023345703936354156,lr_2e-4_persistent
1228,1209,0.024436516479400372,lr_2e-4_persistent
1229,1210,0.02597515701600306,lr_2e-4_persistent
1230,1211,0.02701879300785126,lr_2e-4_persistent
1231,1212,0.027825912391375884,lr_2e-4_persistent
1232,1213,0.028148114289030635,lr_2e-4_persistent
1233,1214,0.02700234474256702,lr_2e-4_persistent
1234,1215,0.028859283054044282,lr_2e-4_persistent
1235,1216,0.02926195368540052,lr_2e-4_persistent
1236,1217,0.029407131366581685,lr_2e-4_persistent
1237,1218,0.03268354398534601,lr_2e-4_persistent
1238,1219,0.025207674828909066,lr_2e-4_persistent
1239,1220,0.02552948922950793,lr_2e-4_persistent
1240,1221,0.028180316217602197,lr_2e-4_persistent
1241,1222,0.02742667489173556,lr_2e-4_persistent
1242,1223,0.02771825209779355,lr_2e-4_persistent
1243,1224,0.027539923669054,lr_2e-4_persistent
1244,1225,0.02796462566084834,lr_2e-4_persistent
1245,1226,0.02970385031152356,lr_2e-4_persistent
1246,1227,0.02032644185261545,lr_2e-4_persistent
1247,1228,0.0180419006219924,lr_2e-4_persistent
1248,1229,0.016573690263674834,lr_2e-4_persistent
1249,1230,0.015504583775108105,lr_2e-4_persistent
1250,1231,0.015368172453384177,lr_2e-4_persistent
1251,1232,0.015433968573480117,lr_2e-4_persistent
1252,1233,0.015870331953513728,lr_2e-4_persistent
1253,1234,0.016486870780509033,lr_2e-4_persistent
1254,1235,0.016415277336058742,lr_2e-4_persistent
1255,1236,0.01646393193280582,lr_2e-4_persistent
1256,1237,0.01633090777010404,lr_2e-4_persistent
1257,1238,0.015161098561113584,lr_2e-4_persistent
1258,1239,0.01637397306374111,lr_2e-4_persistent
1259,1240,0.015613184176110684,lr_2e-4_persistent
1260,1241,0.015353127732194216,lr_2e-4_persistent
1261,1242,0.01604511975671652,lr_2e-4_persistent
1262,1243,0.01570960890031825,lr_2e-4_persistent
1263,1244,0.017222917846492547,lr_2e-4_persistent
1264,1245,0.01742166249697752,lr_2e-4_persistent
1265,1246,0.016862430574071108,lr_2e-4_persistent
1266,1247,0.023256063222805046,lr_2e-4_persistent
1267,1248,0.025648675986982283,lr_2e-4_persistent
1268,1249,0.027142832860398536,lr_2e-4_persistent
1269,1250,0.026379981579947698,lr_2e-4_persistent
1270,1251,0.027336371787230584,lr_2e-4_persistent
1271,1252,0.02684721079403729,lr_2e-4_persistent
1272,1253,0.026781775835667876,lr_2e-4_persistent
1273,1254,0.02714775006859016,lr_2e-4_persistent
1274,1255,0.02656061766242368,lr_2e-4_persistent
1275,1256,0.026195634017992964,lr_2e-4_persistent
1276,1257,0.025753979659206006,lr_2e-4_persistent
1277,1258,0.025793659470158103,lr_2e-4_persistent
1278,1259,0.02538531547580891,lr_2e-4_persistent
1279,1260,0.025303261283470047,lr_2e-4_persistent
1280,1261,0.02619758389948801,lr_2e-4_persistent
1281,1262,0.02601715187301601,lr_2e-4_persistent
1282,1263,0.026064068857774902,lr_2e-4_persistent
1283,1264,0.023877133506049142,lr_2e-4_persistent
1284,1265,0.023346393408710475,lr_2e-4_persistent
1285,1266,0.023377522392111882,lr_2e-4_persistent
1286,1267,0.02315002494274332,lr_2e-4_persistent
1287,1268,0.021991422568080954,lr_2e-4_persistent
1288,1269,0.022143538852204103,lr_2e-4_persistent
1289,1270,0.023703118295250736,lr_2e-4_persistent
1290,1271,0.02310655218081914,lr_2e-4_persistent
1291,1272,0.0242144874552912,lr_2e-4_persistent
1292,1273,0.02500303575251761,lr_2e-4_persistent
1293,1274,0.02471100266213233,lr_2e-4_persistent
1294,1275,0.022734128504024897,lr_2e-4_persistent
1295,1276,0.02272813844540189,lr_2e-4_persistent
1296,1277,0.022945582570342293,lr_2e-4_persistent
1297,1278,0.02267888007121177,lr_2e-4_persistent
1298,1279,0.022609720546932444,lr_2e-4_persistent
1299,1280,0.02291835957435595,lr_2e-4_persistent
1300,1281,0.021526819783680984,lr_2e-4_persistent
1301,1282,0.02332710768230517,lr_2e-4_persistent
1302,1283,0.02280452641709585,lr_2e-4_persistent
1303,1284,0.02401060378159081,lr_2e-4_persistent
1304,1285,0.023259788709381612,lr_2e-4_persistent
1305,1286,0.023079222085509943,lr_2e-4_persistent
1306,1287,0.022500544332415995,lr_2e-4_persistent
1307,1288,0.02323032349245413,lr_2e-4_persistent
1308,1289,0.02260116127999845,lr_2e-4_persistent
1309,1290,0.02169583826998156,lr_2e-4_persistent
1310,1291,0.020384151616081758,lr_2e-4_persistent
1311,1292,0.020507219548004496,lr_2e-4_persistent
1312,1293,0.0205705530969007,lr_2e-4_persistent
1313,1294,0.020099979191260497,lr_2e-4_persistent
1314,1295,0.022233920293642018,lr_2e-4_persistent
1315,1296,0.021554966306061685,lr_2e-4_persistent
1316,1297,0.021062706365174044,lr_2e-4_persistent
1317,1298,0.02004509326729298,lr_2e-4_persistent
1318,1299,0.019057745484783895,lr_2e-4_persistent
1319,1300,0.018694088283852772,lr_2e-4_persistent
1320,1301,0.01902932850271377,lr_2e-4_persistent
1321,1302,0.017146340327507614,lr_2e-4_persistent
1322,1303,0.01789294411106157,lr_2e-4_persistent
1323,1304,0.015695689992782258,lr_2e-4_persistent
1324,1305,0.017290085685751744,lr_2e-4_persistent
1325,1306,0.016558717224748665,lr_2e-4_persistent
1326,1307,0.018050706366254388,lr_2e-4_persistent
1327,1308,0.017754170318356133,lr_2e-4_persistent
1328,1309,0.018231366826615303,lr_2e-4_persistent
1329,1310,0.018321847487347442,lr_2e-4_persistent
1330,1311,0.019869392891279758,lr_2e-4_persistent
1331,1312,0.01906016087028617,lr_2e-4_persistent
1332,1313,0.017639486428656093,lr_2e-4_persistent
1333,1314,0.0174084614341109,lr_2e-4_persistent
1334,1315,0.0171641828050344,lr_2e-4_persistent
1335,1316,0.017979616011858823,lr_2e-4_persistent
1336,1317,0.018438360707529022,lr_2e-4_persistent
1337,1318,0.01967886874279212,lr_2e-4_persistent
1338,1319,0.02059753890261229,lr_2e-4_persistent
1339,1320,0.020678390942059033,lr_2e-4_persistent
1340,1321,0.020718541096562126,lr_2e-4_persistent
1341,1322,0.020549865436940262,lr_2e-4_persistent
1342,1323,0.020068776619426076,lr_2e-4_persistent
1343,1324,0.02128769701439648,lr_2e-4_persistent
1344,1325,0.02119443035374391,lr_2e-4_persistent
1345,1326,0.021859734059822333,lr_2e-4_persistent
1346,1327,0.020986509341812898,lr_2e-4_persistent
1347,1328,0.02122527399748697,lr_2e-4_persistent
1348,1329,0.02073803025640597,lr_2e-4_persistent
1349,1330,0.0206886404019061,lr_2e-4_persistent
1350,1331,0.021043024971152957,lr_2e-4_persistent
1351,1332,0.02057889450399142,lr_2e-4_persistent
1352,1333,0.021044180196062245,lr_2e-4_persistent
1353,1334,0.0215665912092331,lr_2e-4_persistent
1354,1335,0.02158248500421045,lr_2e-4_persistent
1355,1336,0.021811594199562023,lr_2e-4_persistent
1356,1337,0.025515977753811314,lr_2e-4_persistent
1357,1338,0.02550898096143983,lr_2e-4_persistent
1358,1339,0.02555935145017041,lr_2e-4_persistent
1359,1340,0.025787750468957316,lr_2e-4_persistent
1360,1341,0.026066528289335977,lr_2e-4_persistent
1361,1342,0.025978279906787027,lr_2e-4_persistent
1362,1343,0.026312676899644893,lr_2e-4_persistent
1363,1344,0.026076710890975963,lr_2e-4_persistent
1364,1345,0.02569761166595841,lr_2e-4_persistent
1365,1346,0.02614527160638669,lr_2e-4_persistent
1366,1347,0.029033761570218974,lr_2e-4_persistent
1367,1348,0.029568822186812338,lr_2e-4_persistent
1368,1349,0.031133638033100985,lr_2e-4_persistent
1369,1350,0.03120097924580234,lr_2e-4_persistent
1370,1351,0.029083522711307763,lr_2e-4_persistent
1371,1352,0.028746086379147218,lr_2e-4_persistent
1372,1353,0.02905809669456738,lr_2e-4_persistent
1373,1354,0.03133980541204884,lr_2e-4_persistent
1374,1355,0.030582785247815658,lr_2e-4_persistent
1375,1356,0.02951373205960428,lr_2e-4_persistent
1376,1357,0.025539175531865466,lr_2e-4_persistent
1377,1358,0.025689773436894825,lr_2e-4_persistent
1378,1359,0.025633701589460545,lr_2e-4_persistent
1379,1360,0.026593829980094852,lr_2e-4_persistent
